cluster_id,truck_name,truck_capacity_tonnes,sequence,store_name,tonnage,cumulative_tonnage,p2p_dist_km,cumulative_dist_km,dist_to_origin_km,time_minutes,fuel_litres,latitude,longitude,google_maps_url,leaflet_map_url
1,"20",940,1,"NAD SAMUDERA ENTERPRISE (Fri: Close 12pm-3pm)",52,52.000,3.493,3.493,3.493,5.2,1.015,3.1932652,101.5458882,"https://www.google.com/maps/dir/3.2053,101.556/3.1932652,101.5458882/3.1827378,101.5401381/3.1928766,101.5291471/3.1972137,101.5324219/3.1993666,101.5352935/3.1993666,101.5352935/3.2018728,101.5349002/3.1993933,101.5275686/3.2118755,101.5300983/3.2134363,101.5321978/3.2174739,101.520213/3.2219337,101.5197575/3.2250317,101.4981694/3.2073436,101.4969526/3.2032786,101.4843394/3.2009369,101.4766868/3.1995828,101.4554655/3.133395,101.45851/3.2002098,101.5507472","https://raw.githack.com/TheAgenticUniverse/AceMicromatic-/main/cluster_1_map.html"
1,"20",940,2,"RESTORAN LEE HONG KEE SDN. BHD.OPEN-12-3PM MONDAY HALF DAY ONLY",48,100.000,2.667,6.160,6.130,4.0,0.759,3.1827378,101.5401381,"https://www.google.com/maps/dir/3.2053,101.556/3.1932652,101.5458882/3.1827378,101.5401381/3.1928766,101.5291471/3.1972137,101.5324219/3.1993666,101.5352935/3.1993666,101.5352935/3.2018728,101.5349002/3.1993933,101.5275686/3.2118755,101.5300983/3.2134363,101.5321978/3.2174739,101.520213/3.2219337,101.5197575/3.2250317,101.4981694/3.2073436,101.4969526/3.2032786,101.4843394/3.2009369,101.4766868/3.1995828,101.4554655/3.133395,101.45851/3.2002098,101.5507472","https://raw.githack.com/TheAgenticUniverse/AceMicromatic-/main/cluster_1_map.html"
1,"20",940,3,"MITAJAYA TRADING",52,152.000,3.323,9.483,6.572,5.0,0.965,3.1928766,101.5291471,"https://www.google.com/maps/dir/3.2053,101.556/3.1932652,101.5458882/3.1827378,101.5401381/3.1928766,101.5291471/3.1972137,101.5324219/3.1993666,101.5352935/3.1993666,101.5352935/3.2018728,101.5349002/3.1993933,101.5275686/3.2118755,101.5300983/3.2134363,101.5321978/3.2174739,101.520213/3.2219337,101.5197575/3.2250317,101.4981694/3.2073436,101.4969526/3.2032786,101.4843394/3.2009369,101.4766868/3.1995828,101.4554655/3.133395,101.45851/3.2002098,101.5507472","https://raw.githack.com/TheAgenticUniverse/AceMicromatic-/main/cluster_1_map.html"
1,"20",940,4,"KEDAI BORONG DAN RUNCIT YUSOF MAJU (OPEN 9AM-5PM) (FRIDAY CLOSE) (12PM-2PM REHAT)",54,206.000,1.208,10.691,5.536,1.8,0.354,3.1972137,101.5324219,"https://www.google.com/maps/dir/3.2053,101.556/3.1932652,101.5458882/3.1827378,101.5401381/3.1928766,101.5291471/3.1972137,101.5324219/3.1993666,101.5352935/3.1993666,101.5352935/3.2018728,101.5349002/3.1993933,101.5275686/3.2118755,101.5300983/3.2134363,101.5321978/3.2174739,101.520213/3.2219337,101.5197575/3.2250317,101.4981694/3.2073436,101.4969526/3.2032786,101.4843394/3.2009369,101.4766868/3.1995828,101.4554655/3.133395,101.45851/3.2002098,101.5507472","https://raw.githack.com/TheAgenticUniverse/AceMicromatic-/main/cluster_1_map.html"
1,"20",940,5,"KEDAI RUNCIT MOHD FADZIL HAIRI",54,260.000,0.797,11.488,4.783,1.2,0.234,3.1993666,101.5352935,"https://www.google.com/maps/dir/3.2053,101.556/3.1932652,101.5458882/3.1827378,101.5401381/3.1928766,101.5291471/3.1972137,101.5324219/3.1993666,101.5352935/3.1993666,101.5352935/3.2018728,101.5349002/3.1993933,101.5275686/3.2118755,101.5300983/3.2134363,101.5321978/3.2174739,101.520213/3.2219337,101.5197575/3.2250317,101.4981694/3.2073436,101.4969526/3.2032786,101.4843394/3.2009369,101.4766868/3.1995828,101.4554655/3.133395,101.45851/3.2002098,101.5507472","https://raw.githack.com/TheAgenticUniverse/AceMicromatic-/main/cluster_1_map.html"
1,"20",940,6,"KEDAI RUNCIT MOHD FADZIL HAIRI (12pm-3pm close)",54,314.000,0.000,11.488,4.783,0.0,0.000,3.1993666,101.5352935,"https://www.google.com/maps/dir/3.2053,101.556/3.1932652,101.5458882/3.1827378,101.5401381/3.1928766,101.5291471/3.1972137,101.5324219/3.1993666,101.5352935/3.1993666,101.5352935/3.2018728,101.5349002/3.1993933,101.5275686/3.2118755,101.5300983/3.2134363,101.5321978/3.2174739,101.520213/3.2219337,101.5197575/3.2250317,101.4981694/3.2073436,101.4969526/3.2032786,101.4843394/3.2009369,101.4766868/3.1995828,101.4554655/3.133395,101.45851/3.2002098,101.5507472","https://raw.githack.com/TheAgenticUniverse/AceMicromatic-/main/cluster_1_map.html"
1,"20",940,7,"ISKANDAR BIN HUSAINI (Open 9am-6pm|Fri: 12pm-3pm rest)",55,369.000,0.564,12.052,4.747,0.8,0.166,3.2018728,101.5349002,"https://www.google.com/maps/dir/3.2053,101.556/3.1932652,101.5458882/3.1827378,101.5401381/3.1928766,101.5291471/3.1972137,101.5324219/3.1993666,101.5352935/3.1993666,101.5352935/3.2018728,101.5349002/3.1993933,101.5275686/3.2118755,101.5300983/3.2134363,101.5321978/3.2174739,101.520213/3.2219337,101.5197575/3.2250317,101.4981694/3.2073436,101.4969526/3.2032786,101.4843394/3.2009369,101.4766868/3.1995828,101.4554655/3.133395,101.45851/3.2002098,101.5507472","https://raw.githack.com/TheAgenticUniverse/AceMicromatic-/main/cluster_1_map.html"
1,"20",940,8,"KEDAI RUNCIT ZULKIFLY (OPEN 7AM-6 PM) (CLOSE ON FRIDAY 12PM-3PM)",54,423.000,1.719,13.771,6.448,2.6,0.504,3.1993933,101.5275686,"https://www.google.com/maps/dir/3.2053,101.556/3.1932652,101.5458882/3.1827378,101.5401381/3.1928766,101.5291471/3.1972137,101.5324219/3.1993666,101.5352935/3.1993666,101.5352935/3.2018728,101.5349002/3.1993933,101.5275686/3.2118755,101.5300983/3.2134363,101.5321978/3.2174739,101.520213/3.2219337,101.5197575/3.2250317,101.4981694/3.2073436,101.4969526/3.2032786,101.4843394/3.2009369,101.4766868/3.1995828,101.4554655/3.133395,101.45851/3.2002098,101.5507472","https://raw.githack.com/TheAgenticUniverse/AceMicromatic-/main/cluster_1_map.html"
1,"20",940,9,"BINTANG HU TRADING(FRIDAY CLOSED)",82,505.000,2.832,16.603,5.934,4.2,0.969,3.2118755,101.5300983,"https://www.google.com/maps/dir/3.2053,101.556/3.1932652,101.5458882/3.1827378,101.5401381/3.1928766,101.5291471/3.1972137,101.5324219/3.1993666,101.5352935/3.1993666,101.5352935/3.2018728,101.5349002/3.1993933,101.5275686/3.2118755,101.5300983/3.2134363,101.5321978/3.2174739,101.520213/3.2219337,101.5197575/3.2250317,101.4981694/3.2073436,101.4969526/3.2032786,101.4843394/3.2009369,101.4766868/3.1995828,101.4554655/3.133395,101.45851/3.2002098,101.5507472","https://raw.githack.com/TheAgenticUniverse/AceMicromatic-/main/cluster_1_map.html"
1,"20",940,10,"NORLYS KITCHEN & CATERING",51,556.000,0.581,17.184,5.586,0.9,0.168,3.2134363,101.5321978,"https://www.google.com/maps/dir/3.2053,101.556/3.1932652,101.5458882/3.1827378,101.5401381/3.1928766,101.5291471/3.1972137,101.5324219/3.1993666,101.5352935/3.1993666,101.5352935/3.2018728,101.5349002/3.1993933,101.5275686/3.2118755,101.5300983/3.2134363,101.5321978/3.2174739,101.520213/3.2219337,101.5197575/3.2250317,101.4981694/3.2073436,101.4969526/3.2032786,101.4843394/3.2009369,101.4766868/3.1995828,101.4554655/3.133395,101.45851/3.2002098,101.5507472","https://raw.githack.com/TheAgenticUniverse/AceMicromatic-/main/cluster_1_map.html"
1,"20",940,11,"NASI KANDAR ALI NAS MAJU (Restoran Alinas Aman Putri)",52,608.000,2.809,19.993,8.395,4.2,0.816,3.2174739,101.520213,"https://www.google.com/maps/dir/3.2053,101.556/3.1932652,101.5458882/3.1827378,101.5401381/3.1928766,101.5291471/3.1972137,101.5324219/3.1993666,101.5352935/3.1993666,101.5352935/3.2018728,101.5349002/3.1993933,101.5275686/3.2118755,101.5300983/3.2134363,101.5321978/3.2174739,101.520213/3.2219337,101.5197575/3.2250317,101.4981694/3.2073436,101.4969526/3.2032786,101.4843394/3.2009369,101.4766868/3.1995828,101.4554655/3.133395,101.45851/3.2002098,101.5507472","https://raw.githack.com/TheAgenticUniverse/AceMicromatic-/main/cluster_1_map.html"
1,"20",940,12,"PEMBORONG & PERUNCIT LINA (Sat: Close)",49,657.000,0.997,20.990,8.857,1.5,0.285,3.2219337,101.5197575,"https://www.google.com/maps/dir/3.2053,101.556/3.1932652,101.5458882/3.1827378,101.5401381/3.1928766,101.5291471/3.1972137,101.5324219/3.1993666,101.5352935/3.1993666,101.5352935/3.2018728,101.5349002/3.1993933,101.5275686/3.2118755,101.5300983/3.2134363,101.5321978/3.2174739,101.520213/3.2219337,101.5197575/3.2250317,101.4981694/3.2073436,101.4969526/3.2032786,101.4843394/3.2009369,101.4766868/3.1995828,101.4554655/3.133395,101.45851/3.2002098,101.5507472","https://raw.githack.com/TheAgenticUniverse/AceMicromatic-/main/cluster_1_map.html"
1,"20",940,13,"NASABE ENTERPRISE (12pm-3pm close)",52,709.000,4.843,25.833,13.570,7.3,1.406,3.2250317,101.4981694,"https://www.google.com/maps/dir/3.2053,101.556/3.1932652,101.5458882/3.1827378,101.5401381/3.1928766,101.5291471/3.1972137,101.5324219/3.1993666,101.5352935/3.1993666,101.5352935/3.2018728,101.5349002/3.1993933,101.5275686/3.2118755,101.5300983/3.2134363,101.5321978/3.2174739,101.520213/3.2219337,101.5197575/3.2250317,101.4981694/3.2073436,101.4969526/3.2032786,101.4843394/3.2009369,101.4766868/3.1995828,101.4554655/3.133395,101.45851/3.2002098,101.5507472","https://raw.githack.com/TheAgenticUniverse/AceMicromatic-/main/cluster_1_map.html"
1,"20",940,14,"BINTANG HU TRADING (FRIDAY CLOSED)",57,766.000,3.943,29.775,13.119,5.9,1.175,3.2073436,101.4969526,"https://www.google.com/maps/dir/3.2053,101.556/3.1932652,101.5458882/3.1827378,101.5401381/3.1928766,101.5291471/3.1972137,101.5324219/3.1993666,101.5352935/3.1993666,101.5352935/3.2018728,101.5349002/3.1993933,101.5275686/3.2118755,101.5300983/3.2134363,101.5321978/3.2174739,101.520213/3.2219337,101.5197575/3.2250317,101.4981694/3.2073436,101.4969526/3.2032786,101.4843394/3.2009369,101.4766868/3.1995828,101.4554655/3.133395,101.45851/3.2002098,101.5507472","https://raw.githack.com/TheAgenticUniverse/AceMicromatic-/main/cluster_1_map.html"
1,"20",940,15,"RESTORAN NURI AL NISAR",48,814.000,2.943,32.718,15.918,4.4,0.838,3.2032786,101.4843394,"https://www.google.com/maps/dir/3.2053,101.556/3.1932652,101.5458882/3.1827378,101.5401381/3.1928766,101.5291471/3.1972137,101.5324219/3.1993666,101.5352935/3.1993666,101.5352935/3.2018728,101.5349002/3.1993933,101.5275686/3.2118755,101.5300983/3.2134363,101.5321978/3.2174739,101.520213/3.2219337,101.5197575/3.2250317,101.4981694/3.2073436,101.4969526/3.2032786,101.4843394/3.2009369,101.4766868/3.1995828,101.4554655/3.133395,101.45851/3.2002098,101.5507472","https://raw.githack.com/TheAgenticUniverse/AceMicromatic-/main/cluster_1_map.html"
1,"20",940,16,"AMA WORLDWIDE SDN BHD (Open 8am-8pm) Friday closed",10,824.000,1.777,34.496,17.638,2.7,0.426,3.2009369,101.4766868,"https://www.google.com/maps/dir/3.2053,101.556/3.1932652,101.5458882/3.1827378,101.5401381/3.1928766,101.5291471/3.1972137,101.5324219/3.1993666,101.5352935/3.1993666,101.5352935/3.2018728,101.5349002/3.1993933,101.5275686/3.2118755,101.5300983/3.2134363,101.5321978/3.2174739,101.520213/3.2219337,101.5197575/3.2250317,101.4981694/3.2073436,101.4969526/3.2032786,101.4843394/3.2009369,101.4766868/3.1995828,101.4554655/3.133395,101.45851/3.2002098,101.5507472","https://raw.githack.com/TheAgenticUniverse/AceMicromatic-/main/cluster_1_map.html"
1,"20",940,17,"KS SMART MART SDN. BHD. (Mon-Sat: 9am-7pm)",53,877.000,4.722,39.217,22.359,7.1,1.378,3.1995828,101.4554655,"https://www.google.com/maps/dir/3.2053,101.556/3.1932652,101.5458882/3.1827378,101.5401381/3.1928766,101.5291471/3.1972137,101.5324219/3.1993666,101.5352935/3.1993666,101.5352935/3.2018728,101.5349002/3.1993933,101.5275686/3.2118755,101.5300983/3.2134363,101.5321978/3.2174739,101.520213/3.2219337,101.5197575/3.2250317,101.4981694/3.2073436,101.4969526/3.2032786,101.4843394/3.2009369,101.4766868/3.1995828,101.4554655/3.133395,101.45851/3.2002098,101.5507472","https://raw.githack.com/TheAgenticUniverse/AceMicromatic-/main/cluster_1_map.html"
1,"20",940,18,"AINUR NADI ENTERPRISE (Fri: 12pm-3pm rest)",12,889.000,14.735,53.952,26.913,22.1,3.560,3.133395,101.45851,"https://www.google.com/maps/dir/3.2053,101.556/3.1932652,101.5458882/3.1827378,101.5401381/3.1928766,101.5291471/3.1972137,101.5324219/3.1993666,101.5352935/3.1993666,101.5352935/3.2018728,101.5349002/3.1993933,101.5275686/3.2118755,101.5300983/3.2134363,101.5321978/3.2174739,101.520213/3.2219337,101.5197575/3.2250317,101.4981694/3.2073436,101.4969526/3.2032786,101.4843394/3.2009369,101.4766868/3.1995828,101.4554655/3.133395,101.45851/3.2002098,101.5507472","https://raw.githack.com/TheAgenticUniverse/AceMicromatic-/main/cluster_1_map.html"
1,"20",940,19,"PASAR MINI PAYA JARAS",50,939.000,25.304,79.256,1.625,38.0,7.275,3.2002098,101.5507472,"https://www.google.com/maps/dir/3.2053,101.556/3.1932652,101.5458882/3.1827378,101.5401381/3.1928766,101.5291471/3.1972137,101.5324219/3.1993666,101.5352935/3.1993666,101.5352935/3.2018728,101.5349002/3.1993933,101.5275686/3.2118755,101.5300983/3.2134363,101.5321978/3.2174739,101.520213/3.2219337,101.5197575/3.2250317,101.4981694/3.2073436,101.4969526/3.2032786,101.4843394/3.2009369,101.4766868/3.1995828,101.4554655/3.133395,101.45851/3.2002098,101.5507472","https://raw.githack.com/TheAgenticUniverse/AceMicromatic-/main/cluster_1_map.html"
2,"19",895,1,"RESTORAN KONG MAH SDN BHD (open 7am - 4pm)(tuesday closed)",48,48.000,2.710,2.710,2.710,4.1,0.771,3.1975612,101.5654258,"https://www.google.com/maps/dir/3.2053,101.556/3.1975612,101.5654258/3.1968558,101.5657222/3.1968201,101.5667535/3.196536,101.567435/3.1973148,101.567381/3.197425,101.56801/3.197716,101.568073/3.1984813,101.5670179/3.198458,101.5692969/3.1982949,101.5732/3.1957531,101.5645649/3.192631,101.5625203/3.210918,101.567095/3.2153632,101.5662228/3.2121628,101.5726418/3.196037479,101.6420222/3.21061,101.566028","https://raw.githack.com/TheAgenticUniverse/AceMicromatic-/main/cluster_2_map.html"
2,"19",895,2,"RESTORAN C&Y - (OPEN 7AM-12PM)",49,97.000,0.170,2.880,2.861,0.3,0.049,3.1968558,101.5657222,"https://www.google.com/maps/dir/3.2053,101.556/3.1975612,101.5654258/3.1968558,101.5657222/3.1968201,101.5667535/3.196536,101.567435/3.1973148,101.567381/3.197425,101.56801/3.197716,101.568073/3.1984813,101.5670179/3.198458,101.5692969/3.1982949,101.5732/3.1957531,101.5645649/3.192631,101.5625203/3.210918,101.567095/3.2153632,101.5662228/3.2121628,101.5726418/3.196037479,101.6420222/3.21061,101.566028","https://raw.githack.com/TheAgenticUniverse/AceMicromatic-/main/cluster_2_map.html"
2,"19",895,3,"ENG SIANG GROCER (Mon: Close|Loading at 9.30am-7.30pm)",57,154.000,0.229,3.109,3.043,0.3,0.068,3.1968201,101.5667535,"https://www.google.com/maps/dir/3.2053,101.556/3.1975612,101.5654258/3.1968558,101.5657222/3.1968201,101.5667535/3.196536,101.567435/3.1973148,101.567381/3.197425,101.56801/3.197716,101.568073/3.1984813,101.5670179/3.198458,101.5692969/3.1982949,101.5732/3.1957531,101.5645649/3.192631,101.5625203/3.210918,101.567095/3.2153632,101.5662228/3.2121628,101.5726418/3.196037479,101.6420222/3.21061,101.566028","https://raw.githack.com/TheAgenticUniverse/AceMicromatic-/main/cluster_2_map.html"
2,"19",895,4,"SUN THONG HING SDN BHD",47,201.000,0.164,3.273,3.201,0.2,0.046,3.196536,101.567435,"https://www.google.com/maps/dir/3.2053,101.556/3.1975612,101.5654258/3.1968558,101.5657222/3.1968201,101.5667535/3.196536,101.567435/3.1973148,101.567381/3.197425,101.56801/3.197716,101.568073/3.1984813,101.5670179/3.198458,101.5692969/3.1982949,101.5732/3.1957531,101.5645649/3.192631,101.5625203/3.210918,101.567095/3.2153632,101.5662228/3.2121628,101.5726418/3.196037479,101.6420222/3.21061,101.566028","https://raw.githack.com/TheAgenticUniverse/AceMicromatic-/main/cluster_2_map.html"
2,"19",895,5,"AZIZI MINI MARKET",58,259.000,0.174,3.447,3.089,0.3,0.052,3.1973148,101.567381,"https://www.google.com/maps/dir/3.2053,101.556/3.1975612,101.5654258/3.1968558,101.5657222/3.1968201,101.5667535/3.196536,101.567435/3.1973148,101.567381/3.197425,101.56801/3.197716,101.568073/3.1984813,101.5670179/3.198458,101.5692969/3.1982949,101.5732/3.1957531,101.5645649/3.192631,101.5625203/3.210918,101.567095/3.2153632,101.5662228/3.2121628,101.5726418/3.196037479,101.6420222/3.21061,101.566028","https://raw.githack.com/TheAgenticUniverse/AceMicromatic-/main/cluster_2_map.html"
2,"19",895,6,"ST.MARK'S COZY HOME",47,306.000,0.142,3.588,3.190,0.2,0.040,3.197425,101.56801,"https://www.google.com/maps/dir/3.2053,101.556/3.1975612,101.5654258/3.1968558,101.5657222/3.1968201,101.5667535/3.196536,101.567435/3.1973148,101.567381/3.197425,101.56801/3.197716,101.568073/3.1984813,101.5670179/3.198458,101.5692969/3.1982949,101.5732/3.1957531,101.5645649/3.192631,101.5625203/3.210918,101.567095/3.2153632,101.5662228/3.2121628,101.5726418/3.196037479,101.6420222/3.21061,101.566028","https://raw.githack.com/TheAgenticUniverse/AceMicromatic-/main/cluster_2_map.html"
2,"19",895,7,"KS MART SDN BHD",53,359.000,0.066,3.655,3.167,0.1,0.019,3.197716,101.568073,"https://www.google.com/maps/dir/3.2053,101.556/3.1975612,101.5654258/3.1968558,101.5657222/3.1968201,101.5667535/3.196536,101.567435/3.1973148,101.567381/3.197425,101.56801/3.197716,101.568073/3.1984813,101.5670179/3.198458,101.5692969/3.1982949,101.5732/3.1957531,101.5645649/3.192631,101.5625203/3.210918,101.567095/3.2153632,101.5662228/3.2121628,101.5726418/3.196037479,101.6420222/3.21061,101.566028","https://raw.githack.com/TheAgenticUniverse/AceMicromatic-/main/cluster_2_map.html"
2,"19",895,8,"PASAR MINI KURNIA MAJU - JUMAAT TUTUP",50,409.000,0.290,3.944,2.878,0.4,0.083,3.1984813,101.5670179,"https://www.google.com/maps/dir/3.2053,101.556/3.1975612,101.5654258/3.1968558,101.5657222/3.1968201,101.5667535/3.196536,101.567435/3.1973148,101.567381/3.197425,101.56801/3.197716,101.568073/3.1984813,101.5670179/3.198458,101.5692969/3.1982949,101.5732/3.1957531,101.5645649/3.192631,101.5625203/3.210918,101.567095/3.2153632,101.5662228/3.2121628,101.5726418/3.196037479,101.6420222/3.21061,101.566028","https://raw.githack.com/TheAgenticUniverse/AceMicromatic-/main/cluster_2_map.html"
2,"19",895,9,"CHIA SHING FOOD INDUSTRIES SDN BHD",53,462.000,0.506,4.450,3.322,0.8,0.148,3.198458,101.5692969,"https://www.google.com/maps/dir/3.2053,101.556/3.1975612,101.5654258/3.1968558,101.5657222/3.1968201,101.5667535/3.196536,101.567435/3.1973148,101.567381/3.197425,101.56801/3.197716,101.568073/3.1984813,101.5670179/3.198458,101.5692969/3.1982949,101.5732/3.1957531,101.5645649/3.192631,101.5625203/3.210918,101.567095/3.2153632,101.5662228/3.2121628,101.5726418/3.196037479,101.6420222/3.21061,101.566028","https://raw.githack.com/TheAgenticUniverse/AceMicromatic-/main/cluster_2_map.html"
2,"19",895,10,"RESTORAN BAK KUT TEH KIM KEE",49,511.000,0.867,5.318,4.125,1.3,0.248,3.1982949,101.5732,"https://www.google.com/maps/dir/3.2053,101.556/3.1975612,101.5654258/3.1968558,101.5657222/3.1968201,101.5667535/3.196536,101.567435/3.1973148,101.567381/3.197425,101.56801/3.197716,101.568073/3.1984813,101.5670179/3.198458,101.5692969/3.1982949,101.5732/3.1957531,101.5645649/3.192631,101.5625203/3.210918,101.567095/3.2153632,101.5662228/3.2121628,101.5726418/3.196037479,101.6420222/3.21061,101.566028","https://raw.githack.com/TheAgenticUniverse/AceMicromatic-/main/cluster_2_map.html"
2,"19",895,11,"LASHIKA SPICES - OPEN 7AM-10PM & 2PM-4:30PM - (11AM-2PM TAK BOLEH DELIVERY)",53,564.000,1.999,7.317,2.850,3.0,0.583,3.1957531,101.5645649,"https://www.google.com/maps/dir/3.2053,101.556/3.1975612,101.5654258/3.1968558,101.5657222/3.1968201,101.5667535/3.196536,101.567435/3.1973148,101.567381/3.197425,101.56801/3.197716,101.568073/3.1984813,101.5670179/3.198458,101.5692969/3.1982949,101.5732/3.1957531,101.5645649/3.192631,101.5625203/3.210918,101.567095/3.2153632,101.5662228/3.2121628,101.5726418/3.196037479,101.6420222/3.21061,101.566028","https://raw.githack.com/TheAgenticUniverse/AceMicromatic-/main/cluster_2_map.html"
2,"19",895,12,"NUR SAKINAH TRADING",51,615.000,0.830,8.146,3.168,1.2,0.240,3.192631,101.5625203,"https://www.google.com/maps/dir/3.2053,101.556/3.1975612,101.5654258/3.1968558,101.5657222/3.1968201,101.5667535/3.196536,101.567435/3.1973148,101.567381/3.197425,101.56801/3.197716,101.568073/3.1984813,101.5670179/3.198458,101.5692969/3.1982949,101.5732/3.1957531,101.5645649/3.192631,101.5625203/3.210918,101.567095/3.2153632,101.5662228/3.2121628,101.5726418/3.196037479,101.6420222/3.21061,101.566028","https://raw.githack.com/TheAgenticUniverse/AceMicromatic-/main/cluster_2_map.html"
2,"19",895,13,"ADA CASH & CARRY SDN BHD (Mon: No delivery after 2 pm)",96,711.000,4.192,12.338,2.762,6.3,1.565,3.210918,101.567095,"https://www.google.com/maps/dir/3.2053,101.556/3.1975612,101.5654258/3.1968558,101.5657222/3.1968201,101.5667535/3.196536,101.567435/3.1973148,101.567381/3.197425,101.56801/3.197716,101.568073/3.1984813,101.5670179/3.198458,101.5692969/3.1982949,101.5732/3.1957531,101.5645649/3.192631,101.5625203/3.210918,101.567095/3.2153632,101.5662228/3.2121628,101.5726418/3.196037479,101.6420222/3.21061,101.566028","https://raw.githack.com/TheAgenticUniverse/AceMicromatic-/main/cluster_2_map.html"
2,"19",895,14,"AURA NURILHAM ENTERPRISE",45,756.000,1.007,13.345,3.188,1.5,0.283,3.2153632,101.5662228,"https://www.google.com/maps/dir/3.2053,101.556/3.1975612,101.5654258/3.1968558,101.5657222/3.1968201,101.5667535/3.196536,101.567435/3.1973148,101.567381/3.197425,101.56801/3.197716,101.568073/3.1984813,101.5670179/3.198458,101.5692969/3.1982949,101.5732/3.1957531,101.5645649/3.192631,101.5625203/3.210918,101.567095/3.2153632,101.5662228/3.2121628,101.5726418/3.196037479,101.6420222/3.21061,101.566028","https://raw.githack.com/TheAgenticUniverse/AceMicromatic-/main/cluster_2_map.html"
2,"19",895,15,"RAJDHANI SDN BHD",49,805.000,1.593,14.938,3.998,2.4,0.456,3.2121628,101.5726418,"https://www.google.com/maps/dir/3.2053,101.556/3.1975612,101.5654258/3.1968558,101.5657222/3.1968201,101.5667535/3.196536,101.567435/3.1973148,101.567381/3.197425,101.56801/3.197716,101.568073/3.1984813,101.5670179/3.198458,101.5692969/3.1982949,101.5732/3.1957531,101.5645649/3.192631,101.5625203/3.210918,101.567095/3.2153632,101.5662228/3.2121628,101.5726418/3.196037479,101.6420222/3.21061,101.566028","https://raw.githack.com/TheAgenticUniverse/AceMicromatic-/main/cluster_2_map.html"
2,"19",895,16,"AGRO 19 BERHAD",25,830.000,15.817,30.756,19.211,23.7,4.042,3.196037479,101.6420222,"https://www.google.com/maps/dir/3.2053,101.556/3.1975612,101.5654258/3.1968558,101.5657222/3.1968201,101.5667535/3.196536,101.567435/3.1973148,101.567381/3.197425,101.56801/3.197716,101.568073/3.1984813,101.5670179/3.198458,101.5692969/3.1982949,101.5732/3.1957531,101.5645649/3.192631,101.5625203/3.210918,101.567095/3.2153632,101.5662228/3.2121628,101.5726418/3.196037479,101.6420222/3.21061,101.566028","https://raw.githack.com/TheAgenticUniverse/AceMicromatic-/main/cluster_2_map.html"
2,"19",895,17,"HAI SOON HENG TRADING (Delivery after 12pm)",56,886.000,17.182,47.938,2.520,25.8,5.093,3.21061,101.566028,"https://www.google.com/maps/dir/3.2053,101.556/3.1975612,101.5654258/3.1968558,101.5657222/3.1968201,101.5667535/3.196536,101.567435/3.1973148,101.567381/3.197425,101.56801/3.197716,101.568073/3.1984813,101.5670179/3.198458,101.5692969/3.1982949,101.5732/3.1957531,101.5645649/3.192631,101.5625203/3.210918,101.567095/3.2153632,101.5662228/3.2121628,101.5726418/3.196037479,101.6420222/3.21061,101.566028","https://raw.githack.com/TheAgenticUniverse/AceMicromatic-/main/cluster_2_map.html"
3,"18",850,1,"BERAS AGRO (M) SDN BHD",40,40.000,3.941,3.941,3.941,5.9,1.079,3.1899834,101.5649231,"https://www.google.com/maps/dir/3.2053,101.556/3.1899834,101.5649231/3.1905466,101.5658297/3.1882442,101.5649721/3.187388,101.5666542/3.1882925,101.5686546/3.187566,101.571467/3.188169,101.572788/3.188149,101.573081/3.188154,101.573128/3.188163,101.573131/3.188202,101.573154/3.188219,101.57318/3.188286,101.573236/3.188298,101.573231/3.128957,101.465118/3.1905493,101.565561","https://raw.githack.com/TheAgenticUniverse/AceMicromatic-/main/cluster_3_map.html"
3,"18",850,2,"RESTORAN SERI RASA",48,88.000,0.237,4.178,3.941,0.4,0.067,3.1905466,101.5658297,"https://www.google.com/maps/dir/3.2053,101.556/3.1899834,101.5649231/3.1905466,101.5658297/3.1882442,101.5649721/3.187388,101.5666542/3.1882925,101.5686546/3.187566,101.571467/3.188169,101.572788/3.188149,101.573081/3.188154,101.573128/3.188163,101.573131/3.188202,101.573154/3.188219,101.57318/3.188286,101.573236/3.188298,101.573231/3.128957,101.465118/3.1905493,101.565561","https://raw.githack.com/TheAgenticUniverse/AceMicromatic-/main/cluster_3_map.html"
3,"18",850,3,"PINNACLE FOODS (M) SDN BHD",49,137.000,0.546,4.724,4.284,0.8,0.156,3.1882442,101.5649721,"https://www.google.com/maps/dir/3.2053,101.556/3.1899834,101.5649231/3.1905466,101.5658297/3.1882442,101.5649721/3.187388,101.5666542/3.1882925,101.5686546/3.187566,101.571467/3.188169,101.572788/3.188149,101.573081/3.188154,101.573128/3.188163,101.573131/3.188202,101.573154/3.188219,101.57318/3.188286,101.573236/3.188298,101.573231/3.128957,101.465118/3.1905493,101.565561","https://raw.githack.com/TheAgenticUniverse/AceMicromatic-/main/cluster_3_map.html"
3,"18",850,4,"MOITTRY INFINITY SDN BHD",52,189.000,0.419,5.143,4.633,0.6,0.122,3.187388,101.5666542,"https://www.google.com/maps/dir/3.2053,101.556/3.1899834,101.5649231/3.1905466,101.5658297/3.1882442,101.5649721/3.187388,101.5666542/3.1882925,101.5686546/3.187566,101.571467/3.188169,101.572788/3.188149,101.573081/3.188154,101.573128/3.188163,101.573131/3.188202,101.573154/3.188219,101.57318/3.188286,101.573236/3.188298,101.573231/3.128957,101.465118/3.1905493,101.565561","https://raw.githack.com/TheAgenticUniverse/AceMicromatic-/main/cluster_3_map.html"
3,"18",850,5,"PASA RAYA TOP CIRCUITS SDN BHD",51,240.000,0.488,5.631,4.712,0.7,0.141,3.1882925,101.5686546,"https://www.google.com/maps/dir/3.2053,101.556/3.1899834,101.5649231/3.1905466,101.5658297/3.1882442,101.5649721/3.187388,101.5666542/3.1882925,101.5686546/3.187566,101.571467/3.188169,101.572788/3.188149,101.573081/3.188154,101.573128/3.188163,101.573131/3.188202,101.573154/3.188219,101.57318/3.188286,101.573236/3.188298,101.573231/3.128957,101.465118/3.1905493,101.565561","https://raw.githack.com/TheAgenticUniverse/AceMicromatic-/main/cluster_3_map.html"
3,"18",850,6,"ASIAN DINE SDN BHD",94,334.000,0.645,6.276,5.230,1.0,0.238,3.187566,101.571467,"https://www.google.com/maps/dir/3.2053,101.556/3.1899834,101.5649231/3.1905466,101.5658297/3.1882442,101.5649721/3.187388,101.5666542/3.1882925,101.5686546/3.187566,101.571467/3.188169,101.572788/3.188149,101.573081/3.188154,101.573128/3.188163,101.573131/3.188202,101.573154/3.188219,101.57318/3.188286,101.573236/3.188298,101.573231/3.128957,101.465118/3.1905493,101.565561","https://raw.githack.com/TheAgenticUniverse/AceMicromatic-/main/cluster_3_map.html"
3,"18",850,7,"ENG HUP SENG SESAME OIL & SAUCE FACTORY SDN BHD-DELIVER BY FORKLIFT",57,391.000,0.323,6.598,5.330,0.5,0.096,3.188169,101.572788,"https://www.google.com/maps/dir/3.2053,101.556/3.1899834,101.5649231/3.1905466,101.5658297/3.1882442,101.5649721/3.187388,101.5666542/3.1882925,101.5686546/3.187566,101.571467/3.188169,101.572788/3.188149,101.573081/3.188154,101.573128/3.188163,101.573131/3.188202,101.573154/3.188219,101.57318/3.188286,101.573236/3.188298,101.573231/3.128957,101.465118/3.1905493,101.565561","https://raw.githack.com/TheAgenticUniverse/AceMicromatic-/main/cluster_3_map.html"
3,"18",850,8,"RESTORAN MEI JING (Open 2pm-10pm,KHAMIS TUTUP)",48,439.000,0.065,6.664,5.379,0.1,0.019,3.188149,101.573081,"https://www.google.com/maps/dir/3.2053,101.556/3.1899834,101.5649231/3.1905466,101.5658297/3.1882442,101.5649721/3.187388,101.5666542/3.1882925,101.5686546/3.187566,101.571467/3.188169,101.572788/3.188149,101.573081/3.188154,101.573128/3.188163,101.573131/3.188202,101.573154/3.188219,101.57318/3.188286,101.573236/3.188298,101.573231/3.128957,101.465118/3.1905493,101.565561","https://raw.githack.com/TheAgenticUniverse/AceMicromatic-/main/cluster_3_map.html"
3,"18",850,9,"BUMI SEHATI FROZEN FOOD SDN BHD",85,524.000,0.010,6.674,5.386,0.0,0.004,3.188154,101.573128,"https://www.google.com/maps/dir/3.2053,101.556/3.1899834,101.5649231/3.1905466,101.5658297/3.1882442,101.5649721/3.187388,101.5666542/3.1882925,101.5686546/3.187566,101.571467/3.188169,101.572788/3.188149,101.573081/3.188154,101.573128/3.188163,101.573131/3.188202,101.573154/3.188219,101.57318/3.188286,101.573236/3.188298,101.573231/3.128957,101.465118/3.1905493,101.565561","https://raw.githack.com/TheAgenticUniverse/AceMicromatic-/main/cluster_3_map.html"
3,"18",850,10,"SRI RANTAU FOOD MART (8.00am – 12.00pm / 2.00pm – 5.00pm) (Tue & Sun Off)",47,571.000,0.002,6.676,5.385,0.0,0.001,3.188163,101.573131,"https://www.google.com/maps/dir/3.2053,101.556/3.1899834,101.5649231/3.1905466,101.5658297/3.1882442,101.5649721/3.187388,101.5666542/3.1882925,101.5686546/3.187566,101.571467/3.188169,101.572788/3.188149,101.573081/3.188154,101.573128/3.188163,101.573131/3.188202,101.573154/3.188219,101.57318/3.188286,101.573236/3.188298,101.573231/3.128957,101.465118/3.1905493,101.565561","https://raw.githack.com/TheAgenticUniverse/AceMicromatic-/main/cluster_3_map.html"
3,"18",850,11,"PANTAI SELAMAT (IM) S/B",51,622.000,0.010,6.686,5.382,0.0,0.003,3.188202,101.573154,"https://www.google.com/maps/dir/3.2053,101.556/3.1899834,101.5649231/3.1905466,101.5658297/3.1882442,101.5649721/3.187388,101.5666542/3.1882925,101.5686546/3.187566,101.571467/3.188169,101.572788/3.188149,101.573081/3.188154,101.573128/3.188163,101.573131/3.188202,101.573154/3.188219,101.57318/3.188286,101.573236/3.188298,101.573231/3.128957,101.465118/3.1905493,101.565561","https://raw.githack.com/TheAgenticUniverse/AceMicromatic-/main/cluster_3_map.html"
3,"18",850,12,"SEMAQ IQHLAS SDN BHD",48,670.000,0.007,6.693,5.383,0.0,0.002,3.188219,101.57318,"https://www.google.com/maps/dir/3.2053,101.556/3.1899834,101.5649231/3.1905466,101.5658297/3.1882442,101.5649721/3.187388,101.5666542/3.1882925,101.5686546/3.187566,101.571467/3.188169,101.572788/3.188149,101.573081/3.188154,101.573128/3.188163,101.573131/3.188202,101.573154/3.188219,101.57318/3.188286,101.573236/3.188298,101.573231/3.128957,101.465118/3.1905493,101.565561","https://raw.githack.com/TheAgenticUniverse/AceMicromatic-/main/cluster_3_map.html"
3,"18",850,13,"HO KIM WEI (1pm - 3pm : no delivery)",55,725.000,0.019,6.713,5.382,0.0,0.006,3.188286,101.573236,"https://www.google.com/maps/dir/3.2053,101.556/3.1899834,101.5649231/3.1905466,101.5658297/3.1882442,101.5649721/3.187388,101.5666542/3.1882925,101.5686546/3.187566,101.571467/3.188169,101.572788/3.188149,101.573081/3.188154,101.573128/3.188163,101.573131/3.188202,101.573154/3.188219,101.57318/3.188286,101.573236/3.188298,101.573231/3.128957,101.465118/3.1905493,101.565561","https://raw.githack.com/TheAgenticUniverse/AceMicromatic-/main/cluster_3_map.html"
3,"18",850,14,"PERNIAGAAN HE SOON (no delivery on Monday)",49,774.000,0.003,6.715,5.379,0.0,0.001,3.188298,101.573231,"https://www.google.com/maps/dir/3.2053,101.556/3.1899834,101.5649231/3.1905466,101.5658297/3.1882442,101.5649721/3.187388,101.5666542/3.1882925,101.5686546/3.187566,101.571467/3.188169,101.572788/3.188149,101.573081/3.188154,101.573128/3.188163,101.573131/3.188202,101.573154/3.188219,101.57318/3.188286,101.573236/3.188298,101.573231/3.128957,101.465118/3.1905493,101.565561","https://raw.githack.com/TheAgenticUniverse/AceMicromatic-/main/cluster_3_map.html"
3,"18",850,15,"AMSB RESOURCES SERVICES SDN. BHD. (Mon-Sat: 9.30am-6pm|Fri: 12pm-3pm rest)",16,790.000,27.395,34.110,26.372,41.1,6.732,3.128957,101.465118,"https://www.google.com/maps/dir/3.2053,101.556/3.1899834,101.5649231/3.1905466,101.5658297/3.1882442,101.5649721/3.187388,101.5666542/3.1882925,101.5686546/3.187566,101.571467/3.188169,101.572788/3.188149,101.573081/3.188154,101.573128/3.188163,101.573131/3.188202,101.573154/3.188219,101.57318/3.188286,101.573236/3.188298,101.573231/3.128957,101.465118/3.1905493,101.565561","https://raw.githack.com/TheAgenticUniverse/AceMicromatic-/main/cluster_3_map.html"
3,"18",850,16,"FK SALMA ENTERPRISE",56,846.000,26.174,60.284,3.907,39.3,7.758,3.1905493,101.565561,"https://www.google.com/maps/dir/3.2053,101.556/3.1899834,101.5649231/3.1905466,101.5658297/3.1882442,101.5649721/3.187388,101.5666542/3.1882925,101.5686546/3.187566,101.571467/3.188169,101.572788/3.188149,101.573081/3.188154,101.573128/3.188163,101.573131/3.188202,101.573154/3.188219,101.57318/3.188286,101.573236/3.188298,101.573231/3.128957,101.465118/3.1905493,101.565561","https://raw.githack.com/TheAgenticUniverse/AceMicromatic-/main/cluster_3_map.html"
4,"17",805,1,"HOCK SOON BAK KUT TEH (MONDAY OFF)",55,55.000,5.038,5.038,5.038,7.6,1.486,3.1927097,101.5748633,"https://www.google.com/maps/dir/3.2053,101.556/3.1927097,101.5748633/3.1881,101.573205/3.1881,101.573155/3.1877839,101.5758332/3.1773599,101.5776437/3.173116,101.576215/3.1673444,101.5674932/3.1893964,101.5883007/3.190733,101.5889367/3.1909023,101.5884752/3.1987847,101.590422/3.1981898,101.5948604/3.225815,101.56779/3.121364778,101.6854691/3.224367,101.5631572","https://raw.githack.com/TheAgenticUniverse/AceMicromatic-/main/cluster_4_map.html"
4,"17",805,2,"OLIVAS BAKERY INGREDIENTS SDN BHD",51,106.000,1.089,6.127,5.406,1.6,0.315,3.1881,101.573205,"https://www.google.com/maps/dir/3.2053,101.556/3.1927097,101.5748633/3.1881,101.573205/3.1881,101.573155/3.1877839,101.5758332/3.1773599,101.5776437/3.173116,101.576215/3.1673444,101.5674932/3.1893964,101.5883007/3.190733,101.5889367/3.1909023,101.5884752/3.1987847,101.590422/3.1981898,101.5948604/3.225815,101.56779/3.121364778,101.6854691/3.224367,101.5631572","https://raw.githack.com/TheAgenticUniverse/AceMicromatic-/main/cluster_4_map.html"
4,"17",805,3,"YOW SENG SDN BHD",46,152.000,0.011,6.139,5.398,0.0,0.003,3.1881,101.573155,"https://www.google.com/maps/dir/3.2053,101.556/3.1927097,101.5748633/3.1881,101.573205/3.1881,101.573155/3.1877839,101.5758332/3.1773599,101.5776437/3.173116,101.576215/3.1673444,101.5674932/3.1893964,101.5883007/3.190733,101.5889367/3.1909023,101.5884752/3.1987847,101.590422/3.1981898,101.5948604/3.225815,101.56779/3.121364778,101.6854691/3.224367,101.5631572","https://raw.githack.com/TheAgenticUniverse/AceMicromatic-/main/cluster_4_map.html"
4,"17",805,4,"DISTINCTIVE MODEL SDN BHD (TOYOTA SERVIS CENTRE)",66,218.000,0.599,6.737,5.879,0.9,0.187,3.1877839,101.5758332,"https://www.google.com/maps/dir/3.2053,101.556/3.1927097,101.5748633/3.1881,101.573205/3.1881,101.573155/3.1877839,101.5758332/3.1773599,101.5776437/3.173116,101.576215/3.1673444,101.5674932/3.1893964,101.5883007/3.190733,101.5889367/3.1909023,101.5884752/3.1987847,101.590422/3.1981898,101.5948604/3.225815,101.56779/3.121364778,101.6854691/3.224367,101.5631572","https://raw.githack.com/TheAgenticUniverse/AceMicromatic-/main/cluster_4_map.html"
4,"17",805,5,"MB RETAIL ENTERPRISE (9AM - 5PM)",53,271.000,2.353,9.090,7.855,3.5,0.687,3.1773599,101.5776437,"https://www.google.com/maps/dir/3.2053,101.556/3.1927097,101.5748633/3.1881,101.573205/3.1881,101.573155/3.1877839,101.5758332/3.1773599,101.5776437/3.173116,101.576215/3.1673444,101.5674932/3.1893964,101.5883007/3.190733,101.5889367/3.1909023,101.5884752/3.1987847,101.590422/3.1981898,101.5948604/3.225815,101.56779/3.121364778,101.6854691/3.224367,101.5631572","https://raw.githack.com/TheAgenticUniverse/AceMicromatic-/main/cluster_4_map.html"
4,"17",805,6,"PASAR RAYA BORONG DAN RUNCIT SURIA (SATURDAY AFTER 2PM NO RECEIVED GOOD)",50,321.000,0.996,10.086,8.448,1.5,0.286,3.173116,101.576215,"https://www.google.com/maps/dir/3.2053,101.556/3.1927097,101.5748633/3.1881,101.573205/3.1881,101.573155/3.1877839,101.5758332/3.1773599,101.5776437/3.173116,101.576215/3.1673444,101.5674932/3.1893964,101.5883007/3.190733,101.5889367/3.1909023,101.5884752/3.1987847,101.590422/3.1981898,101.5948604/3.225815,101.56779/3.121364778,101.6854691/3.224367,101.5631572","https://raw.githack.com/TheAgenticUniverse/AceMicromatic-/main/cluster_4_map.html"
4,"17",805,7,"FALAM ENTERPRISE (PASAR MINI SIRAJANE)",57,378.000,2.323,12.409,8.818,3.5,0.692,3.1673444,101.5674932,"https://www.google.com/maps/dir/3.2053,101.556/3.1927097,101.5748633/3.1881,101.573205/3.1881,101.573155/3.1877839,101.5758332/3.1773599,101.5776437/3.173116,101.576215/3.1673444,101.5674932/3.1893964,101.5883007/3.190733,101.5889367/3.1909023,101.5884752/3.1987847,101.590422/3.1981898,101.5948604/3.225815,101.56779/3.121364778,101.6854691/3.224367,101.5631572","https://raw.githack.com/TheAgenticUniverse/AceMicromatic-/main/cluster_4_map.html"
4,"17",805,8,"DAMANSARA DAMAI ENTERPRISE (12pm-3pm close)",39,417.000,6.738,19.147,7.997,10.1,1.836,3.1893964,101.5883007,"https://www.google.com/maps/dir/3.2053,101.556/3.1927097,101.5748633/3.1881,101.573205/3.1881,101.573155/3.1877839,101.5758332/3.1773599,101.5776437/3.173116,101.576215/3.1673444,101.5674932/3.1893964,101.5883007/3.190733,101.5889367/3.1909023,101.5884752/3.1987847,101.590422/3.1981898,101.5948604/3.225815,101.56779/3.121364778,101.6854691/3.224367,101.5631572","https://raw.githack.com/TheAgenticUniverse/AceMicromatic-/main/cluster_4_map.html"
4,"17",805,9,"NASABE ENTERPRISE (12pm-3pm close)",52,469.000,0.329,19.476,7.999,0.5,0.096,3.190733,101.5889367,"https://www.google.com/maps/dir/3.2053,101.556/3.1927097,101.5748633/3.1881,101.573205/3.1881,101.573155/3.1877839,101.5758332/3.1773599,101.5776437/3.173116,101.576215/3.1673444,101.5674932/3.1893964,101.5883007/3.190733,101.5889367/3.1909023,101.5884752/3.1987847,101.590422/3.1981898,101.5948604/3.225815,101.56779/3.121364778,101.6854691/3.224367,101.5631572","https://raw.githack.com/TheAgenticUniverse/AceMicromatic-/main/cluster_4_map.html"
4,"17",805,10,"A&Z BARKAT MAJU MARKETING (12pm-3pm close)",93,562.000,0.109,19.585,7.890,0.2,0.040,3.1909023,101.5884752,"https://www.google.com/maps/dir/3.2053,101.556/3.1927097,101.5748633/3.1881,101.573205/3.1881,101.573155/3.1877839,101.5758332/3.1773599,101.5776437/3.173116,101.576215/3.1673444,101.5674932/3.1893964,101.5883007/3.190733,101.5889367/3.1909023,101.5884752/3.1987847,101.590422/3.1981898,101.5948604/3.225815,101.56779/3.121364778,101.6854691/3.224367,101.5631572","https://raw.githack.com/TheAgenticUniverse/AceMicromatic-/main/cluster_4_map.html"
4,"17",805,11,"L & P MINI MARKET (khamis tutup)",53,615.000,1.805,21.391,7.779,2.7,0.527,3.1987847,101.590422,"https://www.google.com/maps/dir/3.2053,101.556/3.1927097,101.5748633/3.1881,101.573205/3.1881,101.573155/3.1877839,101.5758332/3.1773599,101.5776437/3.173116,101.576215/3.1673444,101.5674932/3.1893964,101.5883007/3.190733,101.5889367/3.1909023,101.5884752/3.1987847,101.590422/3.1981898,101.5948604/3.225815,101.56779/3.121364778,101.6854691/3.224367,101.5631572","https://raw.githack.com/TheAgenticUniverse/AceMicromatic-/main/cluster_4_map.html"
4,"17",805,12,"RAYYAN SPEEDMART(MOHD LUKMAN)",49,664.000,0.994,22.385,8.772,1.5,0.284,3.1981898,101.5948604,"https://www.google.com/maps/dir/3.2053,101.556/3.1927097,101.5748633/3.1881,101.573205/3.1881,101.573155/3.1877839,101.5758332/3.1773599,101.5776437/3.173116,101.576215/3.1673444,101.5674932/3.1893964,101.5883007/3.190733,101.5889367/3.1909023,101.5884752/3.1987847,101.590422/3.1981898,101.5948604/3.225815,101.56779/3.121364778,101.6854691/3.224367,101.5631572","https://raw.githack.com/TheAgenticUniverse/AceMicromatic-/main/cluster_4_map.html"
4,"17",805,13,"SOON CHEONG MARINE PRODUCTS SDN BHD(SG BULOH)",47,711.000,8.595,30.980,5.260,12.9,2.435,3.225815,101.56779,"https://www.google.com/maps/dir/3.2053,101.556/3.1927097,101.5748633/3.1881,101.573205/3.1881,101.573155/3.1877839,101.5758332/3.1773599,101.5776437/3.173116,101.576215/3.1673444,101.5674932/3.1893964,101.5883007/3.190733,101.5889367/3.1909023,101.5884752/3.1987847,101.590422/3.1981898,101.5948604/3.225815,101.56779/3.121364778,101.6854691/3.224367,101.5631572","https://raw.githack.com/TheAgenticUniverse/AceMicromatic-/main/cluster_4_map.html"
4,"17",805,14,"51 GROCER (8AM-8PM)",40,751.000,34.962,65.942,34.277,52.4,9.573,3.121364778,101.6854691,"https://www.google.com/maps/dir/3.2053,101.556/3.1927097,101.5748633/3.1881,101.573205/3.1881,101.573155/3.1877839,101.5758332/3.1773599,101.5776437/3.173116,101.576215/3.1673444,101.5674932/3.1893964,101.5883007/3.190733,101.5889367/3.1909023,101.5884752/3.1987847,101.590422/3.1981898,101.5948604/3.225815,101.56779/3.121364778,101.6854691/3.224367,101.5631572","https://raw.githack.com/TheAgenticUniverse/AceMicromatic-/main/cluster_4_map.html"
4,"17",805,15,"PERNIAGAAN SUNGHO FOOD SDN BHD",49,800.000,35.529,101.472,4.528,53.3,10.164,3.224367,101.5631572,"https://www.google.com/maps/dir/3.2053,101.556/3.1927097,101.5748633/3.1881,101.573205/3.1881,101.573155/3.1877839,101.5758332/3.1773599,101.5776437/3.173116,101.576215/3.1673444,101.5674932/3.1893964,101.5883007/3.190733,101.5889367/3.1909023,101.5884752/3.1987847,101.590422/3.1981898,101.5948604/3.225815,101.56779/3.121364778,101.6854691/3.224367,101.5631572","https://raw.githack.com/TheAgenticUniverse/AceMicromatic-/main/cluster_4_map.html"
5,"16",760,1,"WHITE HERON PRARMACEUTICAL SDN BHD",46,46.000,10.548,10.548,10.548,15.8,2.973,3.20331,101.603463,"https://www.google.com/maps/dir/3.2053,101.556/3.20331,101.603463/3.20282,101.604827/3.206097,101.607407/3.207375,101.615795/3.206805,101.616135/3.208827,101.615782/3.210003,101.6172518/3.212016,101.616831/3.212526,101.615695/3.212419,101.615643/3.212246,101.615597/3.2169131,101.6188698/3.2168783,101.6255266/3.200736131,101.7304739/3.135418376,101.7421538/3.19172,101.600144","https://raw.githack.com/TheAgenticUniverse/AceMicromatic-/main/cluster_5_map.html"
5,"16",760,2,"KAMPONG KOH SAUCE (M) SDN BHD - (DELIVERY BEFORE 12PM)",54,100.000,0.322,10.870,10.856,0.5,0.094,3.20282,101.604827,"https://www.google.com/maps/dir/3.2053,101.556/3.20331,101.603463/3.20282,101.604827/3.206097,101.607407/3.207375,101.615795/3.206805,101.616135/3.208827,101.615782/3.210003,101.6172518/3.212016,101.616831/3.212526,101.615695/3.212419,101.615643/3.212246,101.615597/3.2169131,101.6188698/3.2168783,101.6255266/3.200736131,101.7304739/3.135418376,101.7421538/3.19172,101.600144","https://raw.githack.com/TheAgenticUniverse/AceMicromatic-/main/cluster_5_map.html"
5,"16",760,3,"K.I.P FRESH MART ( ALL DAY OPEN )",54,154.000,0.927,11.797,11.416,1.4,0.272,3.206097,101.607407,"https://www.google.com/maps/dir/3.2053,101.556/3.20331,101.603463/3.20282,101.604827/3.206097,101.607407/3.207375,101.615795/3.206805,101.616135/3.208827,101.615782/3.210003,101.6172518/3.212016,101.616831/3.212526,101.615695/3.212419,101.615643/3.212246,101.615597/3.2169131,101.6188698/3.2168783,101.6255266/3.200736131,101.7304739/3.135418376,101.7421538/3.19172,101.600144","https://raw.githack.com/TheAgenticUniverse/AceMicromatic-/main/cluster_5_map.html"
5,"16",760,4,"IPOH ROAD HAKKA YONG TAU FU",55,209.000,1.884,13.681,13.285,2.8,0.556,3.207375,101.615795,"https://www.google.com/maps/dir/3.2053,101.556/3.20331,101.603463/3.20282,101.604827/3.206097,101.607407/3.207375,101.615795/3.206805,101.616135/3.208827,101.615782/3.210003,101.6172518/3.212016,101.616831/3.212526,101.615695/3.212419,101.615643/3.212246,101.615597/3.2169131,101.6188698/3.2168783,101.6255266/3.200736131,101.7304739/3.135418376,101.7421538/3.19172,101.600144","https://raw.githack.com/TheAgenticUniverse/AceMicromatic-/main/cluster_5_map.html"
5,"16",760,5,"RESTORAN IPOH ROAD YTF",48,257.000,0.148,13.829,13.357,0.2,0.042,3.206805,101.616135,"https://www.google.com/maps/dir/3.2053,101.556/3.20331,101.603463/3.20282,101.604827/3.206097,101.607407/3.207375,101.615795/3.206805,101.616135/3.208827,101.615782/3.210003,101.6172518/3.212016,101.616831/3.212526,101.615695/3.212419,101.615643/3.212246,101.615597/3.2169131,101.6188698/3.2168783,101.6255266/3.200736131,101.7304739/3.135418376,101.7421538/3.19172,101.600144","https://raw.githack.com/TheAgenticUniverse/AceMicromatic-/main/cluster_5_map.html"
5,"16",760,6,"TONG SIANG KITCHEN SDN BHD (Thursday Close)",46,303.000,0.456,14.285,13.297,0.7,0.129,3.208827,101.615782,"https://www.google.com/maps/dir/3.2053,101.556/3.20331,101.603463/3.20282,101.604827/3.206097,101.607407/3.207375,101.615795/3.206805,101.616135/3.208827,101.615782/3.210003,101.6172518/3.212016,101.616831/3.212526,101.615695/3.212419,101.615643/3.212246,101.615597/3.2169131,101.6188698/3.2168783,101.6255266/3.200736131,101.7304739/3.135418376,101.7421538/3.19172,101.600144","https://raw.githack.com/TheAgenticUniverse/AceMicromatic-/main/cluster_5_map.html"
5,"16",760,7,"FOONG YUEN DIM SUM SDN BHD",56,359.000,0.418,14.703,13.641,0.6,0.124,3.210003,101.6172518,"https://www.google.com/maps/dir/3.2053,101.556/3.20331,101.603463/3.20282,101.604827/3.206097,101.607407/3.207375,101.615795/3.206805,101.616135/3.208827,101.615782/3.210003,101.6172518/3.212016,101.616831/3.212526,101.615695/3.212419,101.615643/3.212246,101.615597/3.2169131,101.6188698/3.2168783,101.6255266/3.200736131,101.7304739/3.135418376,101.7421538/3.19172,101.600144","https://raw.githack.com/TheAgenticUniverse/AceMicromatic-/main/cluster_5_map.html"
5,"16",760,8,"SETAPAK YONG TAU FU ENTERPRISE",48,407.000,0.457,15.160,13.589,0.7,0.130,3.212016,101.616831,"https://www.google.com/maps/dir/3.2053,101.556/3.20331,101.603463/3.20282,101.604827/3.206097,101.607407/3.207375,101.615795/3.206805,101.616135/3.208827,101.615782/3.210003,101.6172518/3.212016,101.616831/3.212526,101.615695/3.212419,101.615643/3.212246,101.615597/3.2169131,101.6188698/3.2168783,101.6255266/3.200736131,101.7304739/3.135418376,101.7421538/3.19172,101.600144","https://raw.githack.com/TheAgenticUniverse/AceMicromatic-/main/cluster_5_map.html"
5,"16",760,9,"FOOK XIN TANG HERBS SDN. BHD.",56,463.000,0.277,15.437,13.352,0.4,0.082,3.212526,101.615695,"https://www.google.com/maps/dir/3.2053,101.556/3.20331,101.603463/3.20282,101.604827/3.206097,101.607407/3.207375,101.615795/3.206805,101.616135/3.208827,101.615782/3.210003,101.6172518/3.212016,101.616831/3.212526,101.615695/3.212419,101.615643/3.212246,101.615597/3.2169131,101.6188698/3.2168783,101.6255266/3.200736131,101.7304739/3.135418376,101.7421538/3.19172,101.600144","https://raw.githack.com/TheAgenticUniverse/AceMicromatic-/main/cluster_5_map.html"
5,"16",760,10,"KEDAI UBAT & RUNCIT HONG NING DESA AMAN PURI SDN BHD",54,517.000,0.026,15.464,13.337,0.0,0.008,3.212419,101.615643,"https://www.google.com/maps/dir/3.2053,101.556/3.20331,101.603463/3.20282,101.604827/3.206097,101.607407/3.207375,101.615795/3.206805,101.616135/3.208827,101.615782/3.210003,101.6172518/3.212016,101.616831/3.212526,101.615695/3.212419,101.615643/3.212246,101.615597/3.2169131,101.6188698/3.2168783,101.6255266/3.200736131,101.7304739/3.135418376,101.7421538/3.19172,101.600144","https://raw.githack.com/TheAgenticUniverse/AceMicromatic-/main/cluster_5_map.html"
5,"16",760,11,"FOOK XIN TANG MINI MARKET SDN. BHD. (After 5pm: NO DELIVERY)",56,573.000,0.040,15.503,13.323,0.1,0.012,3.212246,101.615597,"https://www.google.com/maps/dir/3.2053,101.556/3.20331,101.603463/3.20282,101.604827/3.206097,101.607407/3.207375,101.615795/3.206805,101.616135/3.208827,101.615782/3.210003,101.6172518/3.212016,101.616831/3.212526,101.615695/3.212419,101.615643/3.212246,101.615597/3.2169131,101.6188698/3.2168783,101.6255266/3.200736131,101.7304739/3.135418376,101.7421538/3.19172,101.600144","https://raw.githack.com/TheAgenticUniverse/AceMicromatic-/main/cluster_5_map.html"
5,"16",760,12,"K.H.H. DOUBLE LION FRUIT JUICE MANUFACTURING SDN BHD",54,627.000,1.267,16.770,14.197,1.9,0.372,3.2169131,101.6188698,"https://www.google.com/maps/dir/3.2053,101.556/3.20331,101.603463/3.20282,101.604827/3.206097,101.607407/3.207375,101.615795/3.206805,101.616135/3.208827,101.615782/3.210003,101.6172518/3.212016,101.616831/3.212526,101.615695/3.212419,101.615643/3.212246,101.615597/3.2169131,101.6188698/3.2168783,101.6255266/3.200736131,101.7304739/3.135418376,101.7421538/3.19172,101.600144","https://raw.githack.com/TheAgenticUniverse/AceMicromatic-/main/cluster_5_map.html"
5,"16",760,13,"PERNIAGAAN MAHAMAS (Tue-Sun:7.30am-7pm|Except Mon 7.30am-2pm)",49,676.000,1.478,18.248,15.651,2.2,0.423,3.2168783,101.6255266,"https://www.google.com/maps/dir/3.2053,101.556/3.20331,101.603463/3.20282,101.604827/3.206097,101.607407/3.207375,101.615795/3.206805,101.616135/3.208827,101.615782/3.210003,101.6172518/3.212016,101.616831/3.212526,101.615695/3.212419,101.615643/3.212246,101.615597/3.2169131,101.6188698/3.2168783,101.6255266/3.200736131,101.7304739/3.135418376,101.7421538/3.19172,101.600144","https://raw.githack.com/TheAgenticUniverse/AceMicromatic-/main/cluster_5_map.html"
5,"16",760,14,"CB FROZEN FOOD SDN. BHD. - SRI RAMPAI",19,695.000,23.578,41.826,38.754,35.4,5.869,3.200736131,101.7304739,"https://www.google.com/maps/dir/3.2053,101.556/3.20331,101.603463/3.20282,101.604827/3.206097,101.607407/3.207375,101.615795/3.206805,101.616135/3.208827,101.615782/3.210003,101.6172518/3.212016,101.616831/3.212526,101.615695/3.212419,101.615643/3.212246,101.615597/3.2169131,101.6188698/3.2168783,101.6255266/3.200736131,101.7304739/3.135418376,101.7421538/3.19172,101.600144","https://raw.githack.com/TheAgenticUniverse/AceMicromatic-/main/cluster_5_map.html"
5,"16",760,15,"CB FROZEN FOOD SDN. BHD. - PANDAN JAYA (Monday-Saturday: 8am-5pm)",14,709.000,14.756,56.582,44.160,22.1,3.595,3.135418376,101.7421538,"https://www.google.com/maps/dir/3.2053,101.556/3.20331,101.603463/3.20282,101.604827/3.206097,101.607407/3.207375,101.615795/3.206805,101.616135/3.208827,101.615782/3.210003,101.6172518/3.212016,101.616831/3.212526,101.615695/3.212419,101.615643/3.212246,101.615597/3.2169131,101.6188698/3.2168783,101.6255266/3.200736131,101.7304739/3.135418376,101.7421538/3.19172,101.600144","https://raw.githack.com/TheAgenticUniverse/AceMicromatic-/main/cluster_5_map.html"
5,"16",760,16,"REZAL TRADING - AL FALAH MART (Fri-Sat close)",48,757.000,33.928,90.510,10.257,50.9,9.658,3.19172,101.600144,"https://www.google.com/maps/dir/3.2053,101.556/3.20331,101.603463/3.20282,101.604827/3.206097,101.607407/3.207375,101.615795/3.206805,101.616135/3.208827,101.615782/3.210003,101.6172518/3.212016,101.616831/3.212526,101.615695/3.212419,101.615643/3.212246,101.615597/3.2169131,101.6188698/3.2168783,101.6255266/3.200736131,101.7304739/3.135418376,101.7421538/3.19172,101.600144","https://raw.githack.com/TheAgenticUniverse/AceMicromatic-/main/cluster_5_map.html"
6,"15",715,1,"JIN HUANG",55,55.000,13.648,13.648,13.648,20.5,4.024,3.183931,101.613617,"https://www.google.com/maps/dir/3.2053,101.556/3.183931,101.613617/3.183922,101.61362/3.183918,101.613631/3.183945,101.61364/3.183989,101.613656/3.183843,101.613623/3.199847,101.617757/3.20312424,101.6210952/3.201396,101.631682/3.1972327,101.636834/3.1885897,101.6387798/3.212531,101.64315/3.183922,101.613608","https://raw.githack.com/TheAgenticUniverse/AceMicromatic-/main/cluster_6_map.html"
6,"15",715,2,"PD DELIMEE FOOD INDUSTRIES",49,104.000,0.002,13.650,13.649,0.0,0.001,3.183922,101.61362,"https://www.google.com/maps/dir/3.2053,101.556/3.183931,101.613617/3.183922,101.61362/3.183918,101.613631/3.183945,101.61364/3.183989,101.613656/3.183843,101.613623/3.199847,101.617757/3.20312424,101.6210952/3.201396,101.631682/3.1972327,101.636834/3.1885897,101.6387798/3.212531,101.64315/3.183922,101.613608","https://raw.githack.com/TheAgenticUniverse/AceMicromatic-/main/cluster_6_map.html"
6,"15",715,3,"TMS SUPER STORE",47,151.000,0.003,13.652,13.652,0.0,0.001,3.183918,101.613631,"https://www.google.com/maps/dir/3.2053,101.556/3.183931,101.613617/3.183922,101.61362/3.183918,101.613631/3.183945,101.61364/3.183989,101.613656/3.183843,101.613623/3.199847,101.617757/3.20312424,101.6210952/3.201396,101.631682/3.1972327,101.636834/3.1885897,101.6387798/3.212531,101.64315/3.183922,101.613608","https://raw.githack.com/TheAgenticUniverse/AceMicromatic-/main/cluster_6_map.html"
6,"15",715,4,"HAJI SHARIFF CENDOL",56,207.000,0.006,13.659,13.651,0.0,0.002,3.183945,101.61364,"https://www.google.com/maps/dir/3.2053,101.556/3.183931,101.613617/3.183922,101.61362/3.183918,101.613631/3.183945,101.61364/3.183989,101.613656/3.183843,101.613623/3.199847,101.617757/3.20312424,101.6210952/3.201396,101.631682/3.1972327,101.636834/3.1885897,101.6387798/3.212531,101.64315/3.183922,101.613608","https://raw.githack.com/TheAgenticUniverse/AceMicromatic-/main/cluster_6_map.html"
6,"15",715,5,"JT FOOD MART",54,261.000,0.010,13.669,13.651,0.0,0.003,3.183989,101.613656,"https://www.google.com/maps/dir/3.2053,101.556/3.183931,101.613617/3.183922,101.61362/3.183918,101.613631/3.183945,101.61364/3.183989,101.613656/3.183843,101.613623/3.199847,101.617757/3.20312424,101.6210952/3.201396,101.631682/3.1972327,101.636834/3.1885897,101.6387798/3.212531,101.64315/3.183922,101.613608","https://raw.githack.com/TheAgenticUniverse/AceMicromatic-/main/cluster_6_map.html"
6,"15",715,6,"SRI RANTAU SPEED MART - 3pm close every day",47,308.000,0.033,13.702,13.656,0.0,0.009,3.183843,101.613623,"https://www.google.com/maps/dir/3.2053,101.556/3.183931,101.613617/3.183922,101.61362/3.183918,101.613631/3.183945,101.61364/3.183989,101.613656/3.183843,101.613623/3.199847,101.617757/3.20312424,101.6210952/3.201396,101.631682/3.1972327,101.636834/3.1885897,101.6387798/3.212531,101.64315/3.183922,101.613608","https://raw.githack.com/TheAgenticUniverse/AceMicromatic-/main/cluster_6_map.html"
6,"15",715,7,"SOON CHEONG MARINE PRODUCTS SDN BHD",47,355.000,3.676,17.378,13.766,5.5,1.041,3.199847,101.617757,"https://www.google.com/maps/dir/3.2053,101.556/3.183931,101.613617/3.183922,101.61362/3.183918,101.613631/3.183945,101.61364/3.183989,101.613656/3.183843,101.613623/3.199847,101.617757/3.20312424,101.6210952/3.201396,101.631682/3.1972327,101.636834/3.1885897,101.6387798/3.212531,101.64315/3.183922,101.613608","https://raw.githack.com/TheAgenticUniverse/AceMicromatic-/main/cluster_6_map.html"
6,"15",715,8,"BEST RETAIL SDN BHD (BR INGREDIENTS) (Mon to Sat 9.30am-6.30pm) (Sun & PH 9.30am-3pm)",98,453.000,1.040,18.417,14.462,1.6,0.393,3.20312424,101.6210952,"https://www.google.com/maps/dir/3.2053,101.556/3.183931,101.613617/3.183922,101.61362/3.183918,101.613631/3.183945,101.61364/3.183989,101.613656/3.183843,101.613623/3.199847,101.617757/3.20312424,101.6210952/3.201396,101.631682/3.1972327,101.636834/3.1885897,101.6387798/3.212531,101.64315/3.183922,101.613608","https://raw.githack.com/TheAgenticUniverse/AceMicromatic-/main/cluster_6_map.html"
6,"15",715,9,"KINDNESS ENTERPRISE (CLOSED MONDAY)",53,506.000,2.382,20.799,16.827,3.6,0.695,3.201396,101.631682,"https://www.google.com/maps/dir/3.2053,101.556/3.183931,101.613617/3.183922,101.61362/3.183918,101.613631/3.183945,101.61364/3.183989,101.613656/3.183843,101.613623/3.199847,101.617757/3.20312424,101.6210952/3.201396,101.631682/3.1972327,101.636834/3.1885897,101.6387798/3.212531,101.64315/3.183922,101.613608","https://raw.githack.com/TheAgenticUniverse/AceMicromatic-/main/cluster_6_map.html"
6,"15",715,10,"OVAL LAKE DEVELOPMENT SDN BHD (Mon-Fri: 9am-4pm|Lunch: 12pm-2pm)",51,557.000,1.472,22.271,18.038,2.2,0.425,3.1972327,101.636834,"https://www.google.com/maps/dir/3.2053,101.556/3.183931,101.613617/3.183922,101.61362/3.183918,101.613631/3.183945,101.61364/3.183989,101.613656/3.183843,101.613623/3.199847,101.617757/3.20312424,101.6210952/3.201396,101.631682/3.1972327,101.636834/3.1885897,101.6387798/3.212531,101.64315/3.183922,101.613608","https://raw.githack.com/TheAgenticUniverse/AceMicromatic-/main/cluster_6_map.html"
6,"15",715,11,"HAPPY SAM VEGE GARDEN",55,612.000,1.970,24.241,18.753,3.0,0.581,3.1885897,101.6387798,"https://www.google.com/maps/dir/3.2053,101.556/3.183931,101.613617/3.183922,101.61362/3.183918,101.613631/3.183945,101.61364/3.183989,101.613656/3.183843,101.613623/3.199847,101.617757/3.20312424,101.6210952/3.201396,101.631682/3.1972327,101.636834/3.1885897,101.6387798/3.212531,101.64315/3.183922,101.613608","https://raw.githack.com/TheAgenticUniverse/AceMicromatic-/main/cluster_6_map.html"
6,"15",715,12,"WONG YEE HUEK (THURSDAY OFF)",46,658.000,5.412,29.653,19.418,8.1,1.525,3.212531,101.64315,"https://www.google.com/maps/dir/3.2053,101.556/3.183931,101.613617/3.183922,101.61362/3.183918,101.613631/3.183945,101.61364/3.183989,101.613656/3.183843,101.613623/3.199847,101.617757/3.20312424,101.6210952/3.201396,101.631682/3.1972327,101.636834/3.1885897,101.6387798/3.212531,101.64315/3.183922,101.613608","https://raw.githack.com/TheAgenticUniverse/AceMicromatic-/main/cluster_6_map.html"
6,"15",715,13,"H AND C FRESH SDN. BHD. (SAT-Closed, 1pm-3pm lunch)",56,714.000,9.138,38.791,13.646,13.7,2.709,3.183922,101.613608,"https://www.google.com/maps/dir/3.2053,101.556/3.183931,101.613617/3.183922,101.61362/3.183918,101.613631/3.183945,101.61364/3.183989,101.613656/3.183843,101.613623/3.199847,101.617757/3.20312424,101.6210952/3.201396,101.631682/3.1972327,101.636834/3.1885897,101.6387798/3.212531,101.64315/3.183922,101.613608","https://raw.githack.com/TheAgenticUniverse/AceMicromatic-/main/cluster_6_map.html"
7,"14",670,1,"PD DAILY FRESH",49,49.000,15.520,15.520,15.520,23.3,4.440,3.153949,101.60333,"https://www.google.com/maps/dir/3.2053,101.556/3.153949,101.60333/3.153636,101.603084/3.156204699,101.6279132/3.138613,101.624039/3.128451,101.634727/3.118793521,101.6493211/3.109566523,101.6708643/3.093567658,101.6816377/3.087866,101.692126/3.086921,101.692362/3.098239,101.701066/3.086685362,101.7078735/3.088609843,101.7434149/3.164639,101.6083","https://raw.githack.com/TheAgenticUniverse/AceMicromatic-/main/cluster_7_map.html"
7,"14",670,2,"JW GROCERY STORE (Mon-Sat: 9.30am-6pm|Fri: 12pm-3pm rest)",54,103.000,0.088,15.608,15.534,0.1,0.026,3.153636,101.603084,"https://www.google.com/maps/dir/3.2053,101.556/3.153949,101.60333/3.153636,101.603084/3.156204699,101.6279132/3.138613,101.624039/3.128451,101.634727/3.118793521,101.6493211/3.109566523,101.6708643/3.093567658,101.6816377/3.087866,101.692126/3.086921,101.692362/3.098239,101.701066/3.086685362,101.7078735/3.088609843,101.7434149/3.164639,101.6083","https://raw.githack.com/TheAgenticUniverse/AceMicromatic-/main/cluster_7_map.html"
7,"14",670,3,"ABT FRESH & FROZEN FOOD SUPPLY S/B (MON-FRI 8AM-5 PM) (SAT 8AM-1PM)",55,158.000,5.543,21.151,19.344,8.3,1.634,3.156204699,101.6279132,"https://www.google.com/maps/dir/3.2053,101.556/3.153949,101.60333/3.153636,101.603084/3.156204699,101.6279132/3.138613,101.624039/3.128451,101.634727/3.118793521,101.6493211/3.109566523,101.6708643/3.093567658,101.6816377/3.087866,101.692126/3.086921,101.692362/3.098239,101.701066/3.086685362,101.7078735/3.088609843,101.7434149/3.164639,101.6083","https://raw.githack.com/TheAgenticUniverse/AceMicromatic-/main/cluster_7_map.html"
7,"14",670,4,"RESTORAN AL-RIFAAHY MAJU",49,207.000,4.006,25.157,21.171,6.0,1.146,3.138613,101.624039,"https://www.google.com/maps/dir/3.2053,101.556/3.153949,101.60333/3.153636,101.603084/3.156204699,101.6279132/3.138613,101.624039/3.128451,101.634727/3.118793521,101.6493211/3.109566523,101.6708643/3.093567658,101.6816377/3.087866,101.692126/3.086921,101.692362/3.098239,101.701066/3.086685362,101.7078735/3.088609843,101.7434149/3.164639,101.6083","https://raw.githack.com/TheAgenticUniverse/AceMicromatic-/main/cluster_7_map.html"
7,"14",670,5,"PENG SOON",49,256.000,3.277,28.434,24.448,4.9,0.938,3.128451,101.634727,"https://www.google.com/maps/dir/3.2053,101.556/3.153949,101.60333/3.153636,101.603084/3.156204699,101.6279132/3.138613,101.624039/3.128451,101.634727/3.118793521,101.6493211/3.109566523,101.6708643/3.093567658,101.6816377/3.087866,101.692126/3.086921,101.692362/3.098239,101.701066/3.086685362,101.7078735/3.088609843,101.7434149/3.164639,101.6083","https://raw.githack.com/TheAgenticUniverse/AceMicromatic-/main/cluster_7_map.html"
7,"14",670,6,"BRICK HOUSE SDN. BHD.",76,332.000,3.888,32.322,28.276,5.8,1.285,3.118793521,101.6493211,"https://www.google.com/maps/dir/3.2053,101.556/3.153949,101.60333/3.153636,101.603084/3.156204699,101.6279132/3.138613,101.624039/3.128451,101.634727/3.118793521,101.6493211/3.109566523,101.6708643/3.093567658,101.6816377/3.087866,101.692126/3.086921,101.692362/3.098239,101.701066/3.086685362,101.7078735/3.088609843,101.7434149/3.164639,101.6083","https://raw.githack.com/TheAgenticUniverse/AceMicromatic-/main/cluster_7_map.html"
7,"14",670,7,"CEMPAKA ROSINAR ENTERPRISE (Fri close)",75,407.000,5.205,37.527,33.224,7.8,1.710,3.109566523,101.6708643,"https://www.google.com/maps/dir/3.2053,101.556/3.153949,101.60333/3.153636,101.603084/3.156204699,101.6279132/3.138613,101.624039/3.128451,101.634727/3.118793521,101.6493211/3.109566523,101.6708643/3.093567658,101.6816377/3.087866,101.692126/3.086921,101.692362/3.098239,101.701066/3.086685362,101.7078735/3.088609843,101.7434149/3.164639,101.6083","https://raw.githack.com/TheAgenticUniverse/AceMicromatic-/main/cluster_7_map.html"
7,"14",670,8,"1 JUTA NASI LEMAK ENTERPRISE (K88 Food COURT)",30,437.000,4.288,41.815,37.360,6.4,1.121,3.093567658,101.6816377,"https://www.google.com/maps/dir/3.2053,101.556/3.153949,101.60333/3.153636,101.603084/3.156204699,101.6279132/3.138613,101.624039/3.128451,101.634727/3.118793521,101.6493211/3.109566523,101.6708643/3.093567658,101.6816377/3.087866,101.692126/3.086921,101.692362/3.098239,101.701066/3.086685362,101.7078735/3.088609843,101.7434149/3.164639,101.6083","https://raw.githack.com/TheAgenticUniverse/AceMicromatic-/main/cluster_7_map.html"
7,"14",670,9,"CHIA HUNG LI - KILANG KUIH-MUIH (No big truck)",50,487.000,2.652,44.467,39.947,4.0,0.762,3.087866,101.692126,"https://www.google.com/maps/dir/3.2053,101.556/3.153949,101.60333/3.153636,101.603084/3.156204699,101.6279132/3.138613,101.624039/3.128451,101.634727/3.118793521,101.6493211/3.109566523,101.6708643/3.093567658,101.6816377/3.087866,101.692126/3.086921,101.692362/3.098239,101.701066/3.086685362,101.7078735/3.088609843,101.7434149/3.164639,101.6083","https://raw.githack.com/TheAgenticUniverse/AceMicromatic-/main/cluster_7_map.html"
7,"14",670,10,"RESTORAN CHON SAI KEI",49,536.000,0.217,44.683,40.124,0.3,0.062,3.086921,101.692362,"https://www.google.com/maps/dir/3.2053,101.556/3.153949,101.60333/3.153636,101.603084/3.156204699,101.6279132/3.138613,101.624039/3.128451,101.634727/3.118793521,101.6493211/3.109566523,101.6708643/3.093567658,101.6816377/3.087866,101.692126/3.086921,101.692362/3.098239,101.701066/3.086685362,101.7078735/3.088609843,101.7434149/3.164639,101.6083","https://raw.githack.com/TheAgenticUniverse/AceMicromatic-/main/cluster_7_map.html"
7,"14",670,11,"PASARAYA T.S MEGA",50,586.000,3.174,47.857,40.056,4.8,0.912,3.098239,101.701066,"https://www.google.com/maps/dir/3.2053,101.556/3.153949,101.60333/3.153636,101.603084/3.156204699,101.6279132/3.138613,101.624039/3.128451,101.634727/3.118793521,101.6493211/3.109566523,101.6708643/3.093567658,101.6816377/3.087866,101.692126/3.086921,101.692362/3.098239,101.701066/3.086685362,101.7078735/3.088609843,101.7434149/3.164639,101.6083","https://raw.githack.com/TheAgenticUniverse/AceMicromatic-/main/cluster_7_map.html"
7,"14",670,12,"AI KOPI ENTERPRISE (DELIVERY BY 4BY4)",12,598.000,2.981,50.838,42.815,4.5,0.720,3.086685362,101.7078735,"https://www.google.com/maps/dir/3.2053,101.556/3.153949,101.60333/3.153636,101.603084/3.156204699,101.6279132/3.138613,101.624039/3.128451,101.634727/3.118793521,101.6493211/3.109566523,101.6708643/3.093567658,101.6816377/3.087866,101.692126/3.086921,101.692362/3.098239,101.701066/3.086685362,101.7078735/3.088609843,101.7434149/3.164639,101.6083","https://raw.githack.com/TheAgenticUniverse/AceMicromatic-/main/cluster_7_map.html"
7,"14",670,13,"BIG TREE PLT (24 Hrs - Every 2 weeks off 1 day)",15,613.000,7.904,58.742,49.044,11.9,1.934,3.088609843,101.7434149,"https://www.google.com/maps/dir/3.2053,101.556/3.153949,101.60333/3.153636,101.603084/3.156204699,101.6279132/3.138613,101.624039/3.128451,101.634727/3.118793521,101.6493211/3.109566523,101.6708643/3.093567658,101.6816377/3.087866,101.692126/3.086921,101.692362/3.098239,101.701066/3.086685362,101.7078735/3.088609843,101.7434149/3.164639,101.6083","https://raw.githack.com/TheAgenticUniverse/AceMicromatic-/main/cluster_7_map.html"
7,"14",670,14,"YAYA NEW FLAVOURS SDN BHD (CLOSE: TUESDAY)",46,659.000,34.440,93.182,14.718,51.7,9.707,3.164639,101.6083,"https://www.google.com/maps/dir/3.2053,101.556/3.153949,101.60333/3.153636,101.603084/3.156204699,101.6279132/3.138613,101.624039/3.128451,101.634727/3.118793521,101.6493211/3.109566523,101.6708643/3.093567658,101.6816377/3.087866,101.692126/3.086921,101.692362/3.098239,101.701066/3.086685362,101.7078735/3.088609843,101.7434149/3.164639,101.6083","https://raw.githack.com/TheAgenticUniverse/AceMicromatic-/main/cluster_7_map.html"
8,"13",625,1,"BIG TREE CORNER",74,74.000,16.612,16.612,16.612,24.9,5.427,3.219705044,101.6294093,"https://www.google.com/maps/dir/3.2053,101.556/3.219705044,101.6294093/3.214478948,101.6320953/3.213731,101.6341568/3.212824,101.6379809/3.212679,101.6385787/3.215355,101.639214/3.2204941,101.6517953/3.214863859,101.653769/3.206207093,101.6533077/3.217327111,101.7381495/3.2160498,101.6258664","https://raw.githack.com/TheAgenticUniverse/AceMicromatic-/main/cluster_8_map.html"
8,"13",625,2,"CAMP FOREST RESTAURANT (Open 11.30am-10.30pm)",64,138.000,1.306,17.918,17.019,2.0,0.404,3.214478948,101.6320953,"https://www.google.com/maps/dir/3.2053,101.556/3.219705044,101.6294093/3.214478948,101.6320953/3.213731,101.6341568/3.212824,101.6379809/3.212679,101.6385787/3.215355,101.639214/3.2204941,101.6517953/3.214863859,101.653769/3.206207093,101.6533077/3.217327111,101.7381495/3.2160498,101.6258664","https://raw.githack.com/TheAgenticUniverse/AceMicromatic-/main/cluster_8_map.html"
8,"13",625,3,"PAN HEONG BAK KUT TEH",51,189.000,0.487,18.405,17.455,0.7,0.141,3.213731,101.6341568,"https://www.google.com/maps/dir/3.2053,101.556/3.219705044,101.6294093/3.214478948,101.6320953/3.213731,101.6341568/3.212824,101.6379809/3.212679,101.6385787/3.215355,101.639214/3.2204941,101.6517953/3.214863859,101.653769/3.206207093,101.6533077/3.217327111,101.7381495/3.2160498,101.6258664","https://raw.githack.com/TheAgenticUniverse/AceMicromatic-/main/cluster_8_map.html"
8,"13",625,4,"RING ZHI VAGETARIAN RESTAURANT (11AM-7PM)",48,237.000,0.873,19.278,18.280,1.3,0.248,3.212824,101.6379809,"https://www.google.com/maps/dir/3.2053,101.556/3.219705044,101.6294093/3.214478948,101.6320953/3.213731,101.6341568/3.212824,101.6379809/3.212679,101.6385787/3.215355,101.639214/3.2204941,101.6517953/3.214863859,101.653769/3.206207093,101.6533077/3.217327111,101.7381495/3.2160498,101.6258664","https://raw.githack.com/TheAgenticUniverse/AceMicromatic-/main/cluster_8_map.html"
8,"13",625,5,"RESTORAN FERN HEONG (8.30AM-4.30PM)",49,286.000,0.137,19.414,18.409,0.2,0.039,3.212679,101.6385787,"https://www.google.com/maps/dir/3.2053,101.556/3.219705044,101.6294093/3.214478948,101.6320953/3.213731,101.6341568/3.212824,101.6379809/3.212679,101.6385787/3.215355,101.639214/3.2204941,101.6517953/3.214863859,101.653769/3.206207093,101.6533077/3.217327111,101.7381495/3.2160498,101.6258664","https://raw.githack.com/TheAgenticUniverse/AceMicromatic-/main/cluster_8_map.html"
8,"13",625,6,"JODAN WORLD SDN BHD",54,340.000,0.612,20.026,18.612,0.9,0.179,3.215355,101.639214,"https://www.google.com/maps/dir/3.2053,101.556/3.219705044,101.6294093/3.214478948,101.6320953/3.213731,101.6341568/3.212824,101.6379809/3.212679,101.6385787/3.215355,101.639214/3.2204941,101.6517953/3.214863859,101.653769/3.206207093,101.6533077/3.217327111,101.7381495/3.2160498,101.6258664","https://raw.githack.com/TheAgenticUniverse/AceMicromatic-/main/cluster_8_map.html"
8,"13",625,7,"PARK LOKE YUN SUPERMARKET",51,391.000,3.018,23.044,21.537,4.5,0.872,3.2204941,101.6517953,"https://www.google.com/maps/dir/3.2053,101.556/3.219705044,101.6294093/3.214478948,101.6320953/3.213731,101.6341568/3.212824,101.6379809/3.212679,101.6385787/3.215355,101.639214/3.2204941,101.6517953/3.214863859,101.653769/3.206207093,101.6533077/3.217327111,101.7381495/3.2160498,101.6258664","https://raw.githack.com/TheAgenticUniverse/AceMicromatic-/main/cluster_8_map.html"
8,"13",625,8,"CHOP HONG CHAN (Open 8am)",82,473.000,1.327,24.371,21.813,2.0,0.454,3.214863859,101.653769,"https://www.google.com/maps/dir/3.2053,101.556/3.219705044,101.6294093/3.214478948,101.6320953/3.213731,101.6341568/3.212824,101.6379809/3.212679,101.6385787/3.215355,101.639214/3.2204941,101.6517953/3.214863859,101.653769/3.206207093,101.6533077/3.217327111,101.7381495/3.2160498,101.6258664","https://raw.githack.com/TheAgenticUniverse/AceMicromatic-/main/cluster_8_map.html"
8,"13",625,9,"BEN MART TRADING SDN BHD",71,544.000,1.928,26.299,21.607,2.9,0.619,3.206207093,101.6533077,"https://www.google.com/maps/dir/3.2053,101.556/3.219705044,101.6294093/3.214478948,101.6320953/3.213731,101.6341568/3.212824,101.6379809/3.212679,101.6385787/3.215355,101.639214/3.2204941,101.6517953/3.214863859,101.653769/3.206207093,101.6533077/3.217327111,101.7381495/3.2160498,101.6258664","https://raw.githack.com/TheAgenticUniverse/AceMicromatic-/main/cluster_8_map.html"
8,"13",625,10,"BESTA CORPORATION SDN BHD",22,566.000,19.000,45.299,40.533,28.5,4.792,3.217327111,101.7381495,"https://www.google.com/maps/dir/3.2053,101.556/3.219705044,101.6294093/3.214478948,101.6320953/3.213731,101.6341568/3.212824,101.6379809/3.212679,101.6385787/3.215355,101.639214/3.2204941,101.6517953/3.214863859,101.653769/3.206207093,101.6533077/3.217327111,101.7381495/3.2160498,101.6258664","https://raw.githack.com/TheAgenticUniverse/AceMicromatic-/main/cluster_8_map.html"
8,"13",625,11,"MKR STORE",52,618.000,24.933,70.232,15.696,37.4,7.241,3.2160498,101.6258664,"https://www.google.com/maps/dir/3.2053,101.556/3.219705044,101.6294093/3.214478948,101.6320953/3.213731,101.6341568/3.212824,101.6379809/3.212679,101.6385787/3.215355,101.639214/3.2204941,101.6517953/3.214863859,101.653769/3.206207093,101.6533077/3.217327111,101.7381495/3.2160498,101.6258664","https://raw.githack.com/TheAgenticUniverse/AceMicromatic-/main/cluster_8_map.html"
9,"12",580,1,"KZ KIOSK (Mon-Fri: 8am-6pm| Fri: 12pm-3pm rest| Sat: 3pm close)",53,53.000,25.315,25.315,25.315,38.0,7.389,3.239434,101.447236,"https://www.google.com/maps/dir/3.2053,101.556/3.239434,101.447236/3.251992,101.448689/3.25282,101.446804/3.245137,101.426723/3.2040912,101.3708626/3.2021103,101.3406998/3.2021103,101.3406998/3.192175,101.314981/3.2105831,101.2785965/3.2465493,101.4728759","https://raw.githack.com/TheAgenticUniverse/AceMicromatic-/main/cluster_9_map.html"
9,"12",580,2,"SINAR TEGUH RESOURCES (Mon-Sat: 9.30am-6pm| Fri: NO DELIVERY)",47,100.000,2.811,28.126,25.991,4.2,0.796,3.251992,101.448689,"https://www.google.com/maps/dir/3.2053,101.556/3.239434,101.447236/3.251992,101.448689/3.25282,101.446804/3.245137,101.426723/3.2040912,101.3708626/3.2021103,101.3406998/3.2021103,101.3406998/3.192175,101.314981/3.2105831,101.2785965/3.2465493,101.4728759","https://raw.githack.com/TheAgenticUniverse/AceMicromatic-/main/cluster_9_map.html"
9,"12",580,3,"RS VALLEY TRADING & SERVICES - PPAJ (Fri: 12pm-3pm rest)",48,148.000,0.457,28.583,26.449,0.7,0.130,3.25282,101.446804,"https://www.google.com/maps/dir/3.2053,101.556/3.239434,101.447236/3.251992,101.448689/3.25282,101.446804/3.245137,101.426723/3.2040912,101.3708626/3.2021103,101.3406998/3.2021103,101.3406998/3.192175,101.314981/3.2105831,101.2785965/3.2465493,101.4728759","https://raw.githack.com/TheAgenticUniverse/AceMicromatic-/main/cluster_9_map.html"
9,"12",580,4,"BABAU SENTOSA ENTERPRISE (SELANGA FRESH MART) (Open 7am-10pm | Close Fri:12pm-2.30pm)",64,212.000,4.775,33.358,30.040,7.2,1.476,3.245137,101.426723,"https://www.google.com/maps/dir/3.2053,101.556/3.239434,101.447236/3.251992,101.448689/3.25282,101.446804/3.245137,101.426723/3.2040912,101.3708626/3.2021103,101.3406998/3.2021103,101.3406998/3.192175,101.314981/3.2105831,101.2785965/3.2465493,101.4728759","https://raw.githack.com/TheAgenticUniverse/AceMicromatic-/main/cluster_9_map.html"
9,"12",580,5,"PASAR MINI LAILA ENTERPERISE (Fri: Close 12pm-3pm)",50,262.000,15.400,48.758,41.109,23.1,4.428,3.2040912,101.3708626,"https://www.google.com/maps/dir/3.2053,101.556/3.239434,101.447236/3.251992,101.448689/3.25282,101.446804/3.245137,101.426723/3.2040912,101.3708626/3.2021103,101.3406998/3.2021103,101.3406998/3.192175,101.314981/3.2105831,101.2785965/3.2465493,101.4728759","https://raw.githack.com/TheAgenticUniverse/AceMicromatic-/main/cluster_9_map.html"
9,"12",580,6,"MY A1 SDN BHD",52,314.000,6.712,55.470,47.811,10.1,1.949,3.2021103,101.3406998,"https://www.google.com/maps/dir/3.2053,101.556/3.239434,101.447236/3.251992,101.448689/3.25282,101.446804/3.245137,101.426723/3.2040912,101.3708626/3.2021103,101.3406998/3.2021103,101.3406998/3.192175,101.314981/3.2105831,101.2785965/3.2465493,101.4728759","https://raw.githack.com/TheAgenticUniverse/AceMicromatic-/main/cluster_9_map.html"
9,"12",580,7,"MY A1 SDN BHD-DESA COALFIELDS",52,366.000,0.000,55.470,47.811,0.0,0.000,3.2021103,101.3406998,"https://www.google.com/maps/dir/3.2053,101.556/3.239434,101.447236/3.251992,101.448689/3.25282,101.446804/3.245137,101.426723/3.2040912,101.3708626/3.2021103,101.3406998/3.2021103,101.3406998/3.192175,101.314981/3.2105831,101.2785965/3.2465493,101.4728759","https://raw.githack.com/TheAgenticUniverse/AceMicromatic-/main/cluster_9_map.html"
9,"12",580,8,"KOPITIAM SIN LAI KEE (9am-4pm)",53,419.000,6.123,61.593,53.596,9.2,1.787,3.192175,101.314981,"https://www.google.com/maps/dir/3.2053,101.556/3.239434,101.447236/3.251992,101.448689/3.25282,101.446804/3.245137,101.426723/3.2040912,101.3708626/3.2021103,101.3406998/3.2021103,101.3406998/3.192175,101.314981/3.2105831,101.2785965/3.2465493,101.4728759","https://raw.githack.com/TheAgenticUniverse/AceMicromatic-/main/cluster_9_map.html"
9,"12",580,9,"CB FROZEN FOOD SDN. BHD. - SUNGAI BULOH (Monday-Saturday: 8am-5pm)",62,481.000,9.057,70.650,61.606,13.6,2.770,3.2105831,101.2785965,"https://www.google.com/maps/dir/3.2053,101.556/3.239434,101.447236/3.251992,101.448689/3.25282,101.446804/3.245137,101.426723/3.2040912,101.3708626/3.2021103,101.3406998/3.2021103,101.3406998/3.192175,101.314981/3.2105831,101.2785965/3.2465493,101.4728759","https://raw.githack.com/TheAgenticUniverse/AceMicromatic-/main/cluster_9_map.html"
9,"12",580,10,"BI IZNILLAH ENTERPRISE (Open 9am - 7pm)",74,555.000,43.872,114.523,20.611,65.8,14.333,3.2465493,101.4728759,"https://www.google.com/maps/dir/3.2053,101.556/3.239434,101.447236/3.251992,101.448689/3.25282,101.446804/3.245137,101.426723/3.2040912,101.3708626/3.2021103,101.3406998/3.2021103,101.3406998/3.192175,101.314981/3.2105831,101.2785965/3.2465493,101.4728759","https://raw.githack.com/TheAgenticUniverse/AceMicromatic-/main/cluster_9_map.html"
10,"11",535,1,"ELIXIR IMPEX SDN. BHD. (Mon-Sat: 9am-6pm|Fri: 12pm-3pm)",57,57.000,23.641,23.641,23.641,35.5,7.043,3.305566,101.591379,"https://www.google.com/maps/dir/3.2053,101.556/3.305566,101.591379/3.323644,101.578322/3.323323,101.577413/3.316964,101.571058/3.327003,101.561192/3.339879,101.577612/3.3161076,101.5338966/3.275233,101.650625/3.237704,101.650428","https://raw.githack.com/TheAgenticUniverse/AceMicromatic-/main/cluster_10_map.html"
10,"11",535,2,"SOON LEE & WTC SDN BHD (Monday off; 12pm-2pm lunch)",47,104.000,4.956,28.598,26.781,7.4,1.404,3.323644,101.578322,"https://www.google.com/maps/dir/3.2053,101.556/3.305566,101.591379/3.323644,101.578322/3.323323,101.577413/3.316964,101.571058/3.327003,101.561192/3.339879,101.577612/3.3161076,101.5338966/3.275233,101.650625/3.237704,101.650428","https://raw.githack.com/TheAgenticUniverse/AceMicromatic-/main/cluster_10_map.html"
10,"11",535,3,"MK GROCERY MART (Mon close)",52,156.000,0.214,28.812,26.674,0.3,0.062,3.323323,101.577413,"https://www.google.com/maps/dir/3.2053,101.556/3.305566,101.591379/3.323644,101.578322/3.323323,101.577413/3.316964,101.571058/3.327003,101.561192/3.339879,101.577612/3.3161076,101.5338966/3.275233,101.650625/3.237704,101.650428","https://raw.githack.com/TheAgenticUniverse/AceMicromatic-/main/cluster_10_map.html"
10,"11",535,4,"JAYA CASH & CARRY SDN BHD",55,211.000,1.998,30.810,25.057,3.0,0.589,3.316964,101.571058,"https://www.google.com/maps/dir/3.2053,101.556/3.305566,101.591379/3.323644,101.578322/3.323323,101.577413/3.316964,101.571058/3.327003,101.561192/3.339879,101.577612/3.3161076,101.5338966/3.275233,101.650625/3.237704,101.650428","https://raw.githack.com/TheAgenticUniverse/AceMicromatic-/main/cluster_10_map.html"
10,"11",535,5,"PALANI MINI MARKET",51,262.000,3.128,33.937,27.090,4.7,0.904,3.327003,101.561192,"https://www.google.com/maps/dir/3.2053,101.556/3.305566,101.591379/3.323644,101.578322/3.323323,101.577413/3.316964,101.571058/3.327003,101.561192/3.339879,101.577612/3.3161076,101.5338966/3.275233,101.650625/3.237704,101.650428","https://raw.githack.com/TheAgenticUniverse/AceMicromatic-/main/cluster_10_map.html"
10,"11",535,6,"ANDA MINI MARKET",99,361.000,4.636,38.573,30.311,7.0,1.765,3.339879,101.577612,"https://www.google.com/maps/dir/3.2053,101.556/3.305566,101.591379/3.323644,101.578322/3.323323,101.577413/3.316964,101.571058/3.327003,101.561192/3.339879,101.577612/3.3161076,101.5338966/3.275233,101.650625/3.237704,101.650428","https://raw.githack.com/TheAgenticUniverse/AceMicromatic-/main/cluster_10_map.html"
10,"11",535,7,"IPOH ROAD HAKKA YONG TAU FU RESTAURANT",55,416.000,11.052,49.625,25.126,16.6,3.259,3.3161076,101.5338966,"https://www.google.com/maps/dir/3.2053,101.556/3.305566,101.591379/3.323644,101.578322/3.323323,101.577413/3.316964,101.571058/3.327003,101.561192/3.339879,101.577612/3.3161076,101.5338966/3.275233,101.650625/3.237704,101.650428","https://raw.githack.com/TheAgenticUniverse/AceMicromatic-/main/cluster_10_map.html"
10,"11",535,8,"YOW SENG SDN BHD",46,462.000,27.464,77.089,26.140,41.2,7.741,3.275233,101.650625,"https://www.google.com/maps/dir/3.2053,101.556/3.305566,101.591379/3.323644,101.578322/3.323323,101.577413/3.316964,101.571058/3.327003,101.561192/3.339879,101.577612/3.3161076,101.5338966/3.275233,101.650625/3.237704,101.650428","https://raw.githack.com/TheAgenticUniverse/AceMicromatic-/main/cluster_10_map.html"
10,"11",535,9,"JIT XING TRADING (DELIVERY MON-FRI : 10AM-5.30PM)",55,517.000,8.346,85.435,22.171,12.5,2.461,3.237704,101.650428,"https://www.google.com/maps/dir/3.2053,101.556/3.305566,101.591379/3.323644,101.578322/3.323323,101.577413/3.316964,101.571058/3.327003,101.561192/3.339879,101.577612/3.3161076,101.5338966/3.275233,101.650625/3.237704,101.650428","https://raw.githack.com/TheAgenticUniverse/AceMicromatic-/main/cluster_10_map.html"
11,"10",490,1,"126 RESTAURANT (9AM-3.30PM)",99,99.000,24.210,24.210,24.210,36.3,9.219,3.196440575,101.6646699,"https://www.google.com/maps/dir/3.2053,101.556/3.196440575,101.6646699/3.185554228,101.6774922/3.177282,101.687117/3.188843,101.691243/3.195193933,101.6916745/3.196506,101.709813/3.131789,101.753551/3.198416112,101.6579334","https://raw.githack.com/TheAgenticUniverse/AceMicromatic-/main/cluster_11_map.html"
11,"10",490,2,"ALI FOOD CORNER - RESTORAN ALI FOOD'S CORNER (SEGAMBUT)",65,164.000,3.737,27.947,27.332,5.6,1.162,3.185554228,101.6774922,"https://www.google.com/maps/dir/3.2053,101.556/3.196440575,101.6646699/3.185554228,101.6774922/3.177282,101.687117/3.188843,101.691243/3.195193933,101.6916745/3.196506,101.709813/3.131789,101.753551/3.198416112,101.6579334","https://raw.githack.com/TheAgenticUniverse/AceMicromatic-/main/cluster_11_map.html"
11,"10",490,3,"PASARAYA DANIYA SDN BHD - sunday closed ( business hour 11.00 am- 08.00 pm)",50,214.000,2.820,30.767,29.773,4.2,0.811,3.177282,101.687117,"https://www.google.com/maps/dir/3.2053,101.556/3.196440575,101.6646699/3.185554228,101.6774922/3.177282,101.687117/3.188843,101.691243/3.195193933,101.6916745/3.196506,101.709813/3.131789,101.753551/3.198416112,101.6579334","https://raw.githack.com/TheAgenticUniverse/AceMicromatic-/main/cluster_11_map.html"
11,"10",490,4,"KEDAI UBAT DAN RUNCIT HUAKSON",54,268.000,2.729,33.496,30.252,4.1,0.801,3.188843,101.691243,"https://www.google.com/maps/dir/3.2053,101.556/3.196440575,101.6646699/3.185554228,101.6774922/3.177282,101.687117/3.188843,101.691243/3.195193933,101.6916745/3.196506,101.709813/3.131789,101.753551/3.198416112,101.6579334","https://raw.githack.com/TheAgenticUniverse/AceMicromatic-/main/cluster_11_map.html"
11,"10",490,5,"AS BISMI MINI MART (9am-9pm|Fri: 12pm-3pm)",46,314.000,1.416,34.912,30.209,2.1,0.399,3.195193933,101.6916745,"https://www.google.com/maps/dir/3.2053,101.556/3.196440575,101.6646699/3.185554228,101.6774922/3.177282,101.687117/3.188843,101.691243/3.195193933,101.6916745/3.196506,101.709813/3.131789,101.753551/3.198416112,101.6579334","https://raw.githack.com/TheAgenticUniverse/AceMicromatic-/main/cluster_11_map.html"
11,"10",490,6,"SHAN MGT ENTERPRISE (Fri: 1pm-5pm close)",48,362.000,4.038,38.950,34.209,6.1,1.149,3.196506,101.709813,"https://www.google.com/maps/dir/3.2053,101.556/3.196440575,101.6646699/3.185554228,101.6774922/3.177282,101.687117/3.188843,101.691243/3.195193933,101.6916745/3.196506,101.709813/3.131789,101.753551/3.198416112,101.6579334","https://raw.githack.com/TheAgenticUniverse/AceMicromatic-/main/cluster_11_map.html"
11,"10",490,7,"29 GROCER (Open 8.30am-5.30pm)",20,382.000,17.363,56.313,46.813,26.0,4.341,3.131789,101.753551,"https://www.google.com/maps/dir/3.2053,101.556/3.196440575,101.6646699/3.185554228,101.6774922/3.177282,101.687117/3.188843,101.691243/3.195193933,101.6916745/3.196506,101.709813/3.131789,101.753551/3.198416112,101.6579334","https://raw.githack.com/TheAgenticUniverse/AceMicromatic-/main/cluster_11_map.html"
11,"10",490,8,"ATHILAKSHMI CASH & CARRY SDN BHD",99,481.000,25.891,82.204,22.685,38.8,9.859,3.198416112,101.6579334,"https://www.google.com/maps/dir/3.2053,101.556/3.196440575,101.6646699/3.185554228,101.6774922/3.177282,101.687117/3.188843,101.691243/3.195193933,101.6916745/3.196506,101.709813/3.131789,101.753551/3.198416112,101.6579334","https://raw.githack.com/TheAgenticUniverse/AceMicromatic-/main/cluster_11_map.html"
12,"9",445,1,"FANAAS BISTRO (Restoran Alinas-Prima Beruntung)",57,57.000,41.730,41.730,41.730,62.6,12.433,3.392907,101.552295,"https://www.google.com/maps/dir/3.2053,101.556/3.392907,101.552295/3.398899596,101.7692864/3.301924,101.493232","https://raw.githack.com/TheAgenticUniverse/AceMicromatic-/main/cluster_12_map.html"
12,"9",445,2,"SURE WIN CLAYPOT SEAFOOD PORRIDGE SDN BHD (open 10am-3am)",47,104.000,48.190,89.920,64.001,72.3,13.650,3.398899596,101.7692864,"https://www.google.com/maps/dir/3.2053,101.556/3.392907,101.552295/3.398899596,101.7692864/3.301924,101.493232","https://raw.githack.com/TheAgenticUniverse/AceMicromatic-/main/cluster_12_map.html"
12,"9",445,3,"PASAR RAYA ASS SETIA",50,154.000,64.971,154.891,25.612,97.5,18.679,3.301924,101.493232,"https://www.google.com/maps/dir/3.2053,101.556/3.392907,101.552295/3.398899596,101.7692864/3.301924,101.493232","https://raw.githack.com/TheAgenticUniverse/AceMicromatic-/main/cluster_12_map.html"
13,"8",400,1,"SAKTI SRI AMBAL MAJU TRADING",48,48.000,36.498,36.498,36.498,54.7,10.389,3.15983,101.713936,"https://www.google.com/maps/dir/3.2053,101.556/3.15983,101.713936/3.162200822,101.7176114/3.164167089,101.7175381/3.156252,101.741978/3.156144,101.745755/3.046857,101.740794/3.170735565,101.6664263","https://raw.githack.com/TheAgenticUniverse/AceMicromatic-/main/cluster_13_map.html"
13,"8",400,2,"AFIA MARIAM TRADING SDN BHD (LORI KECIL)",50,98.000,0.972,37.470,37.143,1.5,0.279,3.162200822,101.7176114,"https://www.google.com/maps/dir/3.2053,101.556/3.15983,101.713936/3.162200822,101.7176114/3.164167089,101.7175381/3.156252,101.741978/3.156144,101.745755/3.046857,101.740794/3.170735565,101.6664263","https://raw.githack.com/TheAgenticUniverse/AceMicromatic-/main/cluster_13_map.html"
13,"8",400,3,"A MART SUPERSTORE SDN BHD",78,176.000,0.438,37.907,37.017,0.7,0.146,3.164167089,101.7175381,"https://www.google.com/maps/dir/3.2053,101.556/3.15983,101.713936/3.162200822,101.7176114/3.164167089,101.7175381/3.156252,101.741978/3.156144,101.745755/3.046857,101.740794/3.170735565,101.6664263","https://raw.githack.com/TheAgenticUniverse/AceMicromatic-/main/cluster_13_map.html"
13,"8",400,4,"PROFIT BEST TRADING (DELIVERY TO CUSTOMER'S HOUSE, PLEASE CALL 30 MINS BEFORE DELIVERY)",49,225.000,5.705,43.612,42.712,8.6,1.632,3.156252,101.741978,"https://www.google.com/maps/dir/3.2053,101.556/3.15983,101.713936/3.162200822,101.7176114/3.164167089,101.7175381/3.156252,101.741978/3.156144,101.745755/3.046857,101.740794/3.170735565,101.6664263","https://raw.githack.com/TheAgenticUniverse/AceMicromatic-/main/cluster_13_map.html"
13,"8",400,5,"NEW XUN FATT ENTERPRISE (Morning - Lori besar tak boleh masuk)",51,276.000,0.839,44.451,43.530,1.3,0.242,3.156144,101.745755,"https://www.google.com/maps/dir/3.2053,101.556/3.15983,101.713936/3.162200822,101.7176114/3.164167089,101.7175381/3.156252,101.741978/3.156144,101.745755/3.046857,101.740794/3.170735565,101.6664263","https://raw.githack.com/TheAgenticUniverse/AceMicromatic-/main/cluster_13_map.html"
13,"8",400,6,"AA WORLD ENTERPRISE (Fri: Close during prayer)",24,300.000,24.329,68.781,54.088,36.5,6.190,3.046857,101.740794,"https://www.google.com/maps/dir/3.2053,101.556/3.15983,101.713936/3.162200822,101.7176114/3.164167089,101.7175381/3.156252,101.741978/3.156144,101.745755/3.046857,101.740794/3.170735565,101.6664263","https://raw.githack.com/TheAgenticUniverse/AceMicromatic-/main/cluster_13_map.html"
13,"8",400,7,"CHIN SWEE FOOD SDN BHD (10am-5pm) (RABU TUTUP)",100,400.000,32.120,100.901,25.696,48.2,12.313,3.170735565,101.6664263,"https://www.google.com/maps/dir/3.2053,101.556/3.15983,101.713936/3.162200822,101.7176114/3.164167089,101.7175381/3.156252,101.741978/3.156144,101.745755/3.046857,101.740794/3.170735565,101.6664263","https://raw.githack.com/TheAgenticUniverse/AceMicromatic-/main/cluster_13_map.html"
14,"7",355,1,"RS VALLEY TRADING & SERVICES - TIAJ (Fri: 12pm-3pm rest)",48,48.000,26.333,26.333,26.333,39.5,7.496,3.129189,101.465156,"https://www.google.com/maps/dir/3.2053,101.556/3.129189,101.465156/3.129132,101.465112/3.129092,101.465103/3.129083,101.465105/3.129071,101.465099/3.129065,101.465087/2.986935,101.46782/3.129195,101.465181","https://raw.githack.com/TheAgenticUniverse/AceMicromatic-/main/cluster_14_map.html"
14,"7",355,2,"GAYA BUMI ENTERPRISE (Mon-Sat: 9am-6pm)",56,104.000,0.016,26.349,26.348,0.0,0.005,3.129132,101.465112,"https://www.google.com/maps/dir/3.2053,101.556/3.129189,101.465156/3.129132,101.465112/3.129092,101.465103/3.129083,101.465105/3.129071,101.465099/3.129065,101.465087/2.986935,101.46782/3.129195,101.465181","https://raw.githack.com/TheAgenticUniverse/AceMicromatic-/main/cluster_14_map.html"
14,"7",355,3,"CHOP LIAN HUP (SUNDAY CLOSE) MON-SAT 7AM-7PM",27,131.000,0.009,26.358,26.355,0.0,0.002,3.129092,101.465103,"https://www.google.com/maps/dir/3.2053,101.556/3.129189,101.465156/3.129132,101.465112/3.129092,101.465103/3.129083,101.465105/3.129071,101.465099/3.129065,101.465087/2.986935,101.46782/3.129195,101.465181","https://raw.githack.com/TheAgenticUniverse/AceMicromatic-/main/cluster_14_map.html"
14,"7",355,4,"MINI MARKET NIRMALA (Mon-Sat: 9.30am-6pm)",52,183.000,0.002,26.360,26.356,0.0,0.001,3.129083,101.465105,"https://www.google.com/maps/dir/3.2053,101.556/3.129189,101.465156/3.129132,101.465112/3.129092,101.465103/3.129083,101.465105/3.129071,101.465099/3.129065,101.465087/2.986935,101.46782/3.129195,101.465181","https://raw.githack.com/TheAgenticUniverse/AceMicromatic-/main/cluster_14_map.html"
14,"7",355,5,"PASAR MINI FAIRPRICE TAMAN SENTOSA (Mon-Sat: 9am-6pm)",51,234.000,0.003,26.363,26.359,0.0,0.001,3.129071,101.465099,"https://www.google.com/maps/dir/3.2053,101.556/3.129189,101.465156/3.129132,101.465112/3.129092,101.465103/3.129083,101.465105/3.129071,101.465099/3.129065,101.465087/2.986935,101.46782/3.129195,101.465181","https://raw.githack.com/TheAgenticUniverse/AceMicromatic-/main/cluster_14_map.html"
14,"7",355,6,"PASAR RAYA SMART (Fri: 1pm-3pm rest)",50,284.000,0.003,26.366,26.362,0.0,0.001,3.129065,101.465087,"https://www.google.com/maps/dir/3.2053,101.556/3.129189,101.465156/3.129132,101.465112/3.129092,101.465103/3.129083,101.465105/3.129071,101.465099/3.129065,101.465087/2.986935,101.46782/3.129195,101.465181","https://raw.githack.com/TheAgenticUniverse/AceMicromatic-/main/cluster_14_map.html"
14,"7",355,7,"DIVINE MART (Mon-Sat: 9am-6pm)",15,299.000,31.614,57.980,52.361,47.4,7.735,2.986935,101.46782,"https://www.google.com/maps/dir/3.2053,101.556/3.129189,101.465156/3.129132,101.465112/3.129092,101.465103/3.129083,101.465105/3.129071,101.465099/3.129065,101.465087/2.986935,101.46782/3.129195,101.465181","https://raw.githack.com/TheAgenticUniverse/AceMicromatic-/main/cluster_14_map.html"
14,"7",355,8,"LAVANIZ FRESH MART",53,352.000,31.643,89.622,26.328,47.5,9.236,3.129195,101.465181,"https://www.google.com/maps/dir/3.2053,101.556/3.129189,101.465156/3.129132,101.465112/3.129092,101.465103/3.129083,101.465105/3.129071,101.465099/3.129065,101.465087/2.986935,101.46782/3.129195,101.465181","https://raw.githack.com/TheAgenticUniverse/AceMicromatic-/main/cluster_14_map.html"
15,"6",310,1,"SAKTHI RS SDN BHD (Mon-Sat: 9am-6pm)",48,48.000,26.349,26.349,26.349,39.5,7.500,3.129055,101.465173,"https://www.google.com/maps/dir/3.2053,101.556/3.129055,101.465173/3.129043,101.46515/3.129043,101.46515/3.129043,101.46515/3.128957,101.465118/3.129055,101.465173","https://raw.githack.com/TheAgenticUniverse/AceMicromatic-/main/cluster_15_map.html"
15,"6",310,2,"CLC WHOLESALER (BANTING) SDN BHD",63,111.000,0.006,26.355,26.355,0.0,0.002,3.129043,101.46515,"https://www.google.com/maps/dir/3.2053,101.556/3.129055,101.465173/3.129043,101.46515/3.129043,101.46515/3.129043,101.46515/3.128957,101.465118/3.129055,101.465173","https://raw.githack.com/TheAgenticUniverse/AceMicromatic-/main/cluster_15_map.html"
15,"6",310,3,"HO HO TRADING COMPANY",55,166.000,0.000,26.355,26.355,0.0,0.000,3.129043,101.46515,"https://www.google.com/maps/dir/3.2053,101.556/3.129055,101.465173/3.129043,101.46515/3.129043,101.46515/3.129043,101.46515/3.128957,101.465118/3.129055,101.465173","https://raw.githack.com/TheAgenticUniverse/AceMicromatic-/main/cluster_15_map.html"
15,"6",310,4,"PEMBORONG BARANG RUNCIT SM LEE",49,215.000,0.000,26.355,26.355,0.0,0.000,3.129043,101.46515,"https://www.google.com/maps/dir/3.2053,101.556/3.129055,101.465173/3.129043,101.46515/3.129043,101.46515/3.129043,101.46515/3.128957,101.465118/3.129055,101.465173","https://raw.githack.com/TheAgenticUniverse/AceMicromatic-/main/cluster_15_map.html"
15,"6",310,5,"ASHOKAH GROCERY & SPICE MART (Mon-Sat: 10am-6pm)",31,246.000,0.020,26.375,26.372,0.0,0.005,3.128957,101.465118,"https://www.google.com/maps/dir/3.2053,101.556/3.129055,101.465173/3.129043,101.46515/3.129043,101.46515/3.129043,101.46515/3.128957,101.465118/3.129055,101.465173","https://raw.githack.com/TheAgenticUniverse/AceMicromatic-/main/cluster_15_map.html"
15,"6",310,6,"KT MAHESWARI FRESH MARKET ENTERPRISE (Mon-Sat: 9am-5pm)",53,299.000,0.025,26.400,26.349,0.0,0.007,3.129055,101.465173,"https://www.google.com/maps/dir/3.2053,101.556/3.129055,101.465173/3.129043,101.46515/3.129043,101.46515/3.129043,101.46515/3.128957,101.465118/3.129055,101.465173","https://raw.githack.com/TheAgenticUniverse/AceMicromatic-/main/cluster_15_map.html"
16,"5",300,1,"YUVAS CASH & CARRY (Mon-Sat: 9am-6pm)",46,46.000,26.358,26.358,26.358,39.5,7.429,3.129047,101.465127,"https://www.google.com/maps/dir/3.2053,101.556/3.129047,101.465127/3.129041,101.465112/3.129028,101.465126/3.128994,101.465137/3.128987,101.465145/3.129065,101.465149","https://raw.githack.com/TheAgenticUniverse/AceMicromatic-/main/cluster_16_map.html"
16,"5",300,2,"RESTORAN OON OON (1pm - 5pm) (ISNIN CUTI)",48,94.000,0.004,26.361,26.361,0.0,0.001,3.129041,101.465112,"https://www.google.com/maps/dir/3.2053,101.556/3.129047,101.465127/3.129041,101.465112/3.129028,101.465126/3.128994,101.465137/3.128987,101.465145/3.129065,101.465149","https://raw.githack.com/TheAgenticUniverse/AceMicromatic-/main/cluster_16_map.html"
16,"5",300,3,"VSM STORES SDN BHD (Mon-Sat: 10am-6pm)",46,140.000,0.004,26.366,26.361,0.0,0.001,3.129028,101.465126,"https://www.google.com/maps/dir/3.2053,101.556/3.129047,101.465127/3.129041,101.465112/3.129028,101.465126/3.128994,101.465137/3.128987,101.465145/3.129065,101.465149","https://raw.githack.com/TheAgenticUniverse/AceMicromatic-/main/cluster_16_map.html"
16,"5",300,4,"PASAR MINI SETIA ALAM (Mon-Sat: 2pm-8pm)",50,190.000,0.008,26.374,26.364,0.0,0.002,3.128994,101.465137,"https://www.google.com/maps/dir/3.2053,101.556/3.129047,101.465127/3.129041,101.465112/3.129028,101.465126/3.128994,101.465137/3.128987,101.465145/3.129065,101.465149","https://raw.githack.com/TheAgenticUniverse/AceMicromatic-/main/cluster_16_map.html"
16,"5",300,5,"SUNSEEN TRADING",47,237.000,0.002,26.376,26.363,0.0,0.001,3.128987,101.465145,"https://www.google.com/maps/dir/3.2053,101.556/3.129047,101.465127/3.129041,101.465112/3.129028,101.465126/3.128994,101.465137/3.128987,101.465145/3.129065,101.465149","https://raw.githack.com/TheAgenticUniverse/AceMicromatic-/main/cluster_16_map.html"
16,"5",300,6,"WAAJIBA TRADING (Mon-Sat: 9am-6pm|Fri: 12pm-3pm rest)",46,283.000,0.017,26.393,26.352,0.0,0.005,3.129065,101.465149,"https://www.google.com/maps/dir/3.2053,101.556/3.129047,101.465127/3.129041,101.465112/3.129028,101.465126/3.128994,101.465137/3.128987,101.465145/3.129065,101.465149","https://raw.githack.com/TheAgenticUniverse/AceMicromatic-/main/cluster_16_map.html"
17,"4",200,1,"KEDAI UBAT TONG SENG",54,54.000,26.360,26.360,26.360,39.5,7.733,3.128973,101.465176,"https://www.google.com/maps/dir/3.2053,101.556/3.128973,101.465176/3.128971,101.465152/3.128957,101.465118/3.128985,101.465202","https://raw.githack.com/TheAgenticUniverse/AceMicromatic-/main/cluster_17_map.html"
17,"4",200,2,"PASAR MINI MESRA RKS (Mon-Fri: 8.30am-6pm|Sat: 3pm close)",50,104.000,0.005,26.365,26.364,0.0,0.002,3.128971,101.465152,"https://www.google.com/maps/dir/3.2053,101.556/3.128973,101.465176/3.128971,101.465152/3.128957,101.465118/3.128985,101.465202","https://raw.githack.com/TheAgenticUniverse/AceMicromatic-/main/cluster_17_map.html"
17,"4",200,3,"ECO MART & CAFE (Mon-Sat: 10am-6pm)",36,140.000,0.008,26.374,26.372,0.0,0.002,3.128957,101.465118,"https://www.google.com/maps/dir/3.2053,101.556/3.128973,101.465176/3.128971,101.465152/3.128957,101.465118/3.128985,101.465202","https://raw.githack.com/TheAgenticUniverse/AceMicromatic-/main/cluster_17_map.html"
17,"4",200,4,"KEDAI RUNCIT MUTIARA BARU (Mon-Sat: 8am-6pm| Fri: 12pm-3pm rest| Sat: 4pm close)",54,194.000,0.020,26.393,26.354,0.0,0.006,3.128985,101.465202,"https://www.google.com/maps/dir/3.2053,101.556/3.128973,101.465176/3.128971,101.465152/3.128957,101.465118/3.128985,101.465202","https://raw.githack.com/TheAgenticUniverse/AceMicromatic-/main/cluster_17_map.html"
18,"2",150,1,"JANNAH MAMA ENTERPRISE (Mon-Fri: 8am-6pm| Fri: 12pm-3pm rest| Sat: 5pm close)",55,55.000,26.367,26.367,26.367,39.5,7.775,3.129043,101.465079,"https://www.google.com/maps/dir/3.2053,101.556/3.129043,101.465079/3.129056,101.465033/3.129063,101.465117","https://raw.githack.com/TheAgenticUniverse/AceMicromatic-/main/cluster_18_map.html"
18,"2",150,2,"AJ AARYAN MINI MARKET (Mon-Sat: 9am-6pm|Fri: 12pm-3pm rest)",44,99.000,0.011,26.377,26.373,0.0,0.003,3.129056,101.465033,"https://www.google.com/maps/dir/3.2053,101.556/3.129043,101.465079/3.129056,101.465033/3.129063,101.465117","https://raw.githack.com/TheAgenticUniverse/AceMicromatic-/main/cluster_18_map.html"
18,"2",150,3,"PASAR MINI NUR AZAINAH (Fri: 12pm-4pm rest)",50,149.000,0.019,26.396,26.357,0.0,0.005,3.129063,101.465117,"https://www.google.com/maps/dir/3.2053,101.556/3.129043,101.465079/3.129056,101.465033/3.129063,101.465117","https://raw.githack.com/TheAgenticUniverse/AceMicromatic-/main/cluster_18_map.html"
19,"3",125,1,"GOLDEN GROCERY MART (Mon-Sat: 9am-7pm)",56,56.000,26.375,26.375,26.375,39.6,7.817,3.129032,101.465039,"https://www.google.com/maps/dir/3.2053,101.556/3.129032,101.465039/3.12911,101.465052","https://raw.githack.com/TheAgenticUniverse/AceMicromatic-/main/cluster_19_map.html"
19,"3",125,2,"BUN VIET RESTAURANT (Mon-Sat: 11am-8pm)",42,98.000,0.018,26.393,26.362,0.0,0.005,3.12911,101.465052,"https://www.google.com/maps/dir/3.2053,101.556/3.129032,101.465039/3.12911,101.465052","https://raw.githack.com/TheAgenticUniverse/AceMicromatic-/main/cluster_19_map.html"
20,"1",100,1,"WAHYUNI EDUTAINMENT SDN BHD (Mon-Sat: 9am-6pm|Fri: NO DELIVERY)",46,46.000,26.372,26.372,26.372,39.6,7.433,3.128957,101.465118,"https://www.google.com/maps/dir/3.2053,101.556/3.128957,101.465118/3.128946,101.465166","https://raw.githack.com/TheAgenticUniverse/AceMicromatic-/main/cluster_20_map.html"
20,"1",100,2,"KEDAI RUNCIT RAMLI MUHAMMAD MAJU (Mon-Sat: 9.30am-6pm|Fri:12pm-3pm rest)",54,100.000,0.011,26.383,26.366,0.0,0.003,3.128946,101.465166,"https://www.google.com/maps/dir/3.2053,101.556/3.128957,101.465118/3.128946,101.465166","https://raw.githack.com/TheAgenticUniverse/AceMicromatic-/main/cluster_20_map.html"